"","Month (We are collecting April, May, June, July, August, September of 2022 for each clinic)","Unit of Measure Name (Primary Clinic #1, Primary Clinic #2, etc) (if you have 150 clinics you should have 150 lines of data submitted here)","Organization Number","Organization Region Type (Rural, Community, Urban): Rural 1, Community 2, Urban 3","Organization Type (Stand Alone Medical Group, Academic HealthSystem, Integrated Health System, Federally Qualitifed Health System, Rural Health System): Stand Alone 1, Academic 2, Integrated 3, Federally Qualified 4, Rural 5","Number of Ambulatory Clinics (Total Clinics: Primary Peds, Primary Adult, Primary Family, Specialty, Hospital Based, Stand Alone, other)","Total Number of Ambulatory Primary Care Clinics that care for all ages (pediatric through adult)","Total number of Ambulatory Primary Care Clinics that Serve Adults over 18 years of Age","Organization Magnet Status: Yes 1, No 2","Organization Magnet Status inclusive of Ambulatory Structure: Yes 1, No 2","Organization Stand alone for Ambulatory Structure. Achievement of Magnet: Yes 1, No 2","Chief Nursing Officer Present for Ambulatory Structure: Yes 1, No 2","Number of Primary Care Clinics serving adults over 18 years of age with RN Manager","Ratio of RN Manager to Primary Care Clinic serving over 18 year old adults (choose the following: 1= 1:1 ratio, 2= 3:1 ratio, 3= 6:1 ratio, 4= 1: 10 or over clinics ratio)","Collective Bargaining Unit in Place Ambulatory Structure: Yes 1, No 2","Centralized RN Staffing in place for Ambulatory Primary Care Clinics Submitted? Yes 1 or No 2","If Centralized RN Staffing in place for Ambulatory Primary Clinics Submitted what are Actual RN Hours Worked/month by that combined staff?","Centralized Telehealth Center in place for Ambulatory Primary Care Clinics for the purposes of Access, Population Health or Care Coordination: Yes 1 or No 2","If Centralized Telehealth Center in place for Ambulatory Primary Care Clinics Submitted what are the actual Hours Worked/month by that combined staff?","Unit of Measurement Total Number of Patients over 18 years of age seen/month (Total number of patients seen/month= visits +  telehealth encounters + RN Visits/Month collected for the 6 months collected) (April thru September 2022) (Sum of Column U, V and W)","Unit of Measurement Total Number of Visits/Month/6 months collected for patients over 18 years of age","Unit of Measurement Total Number of RN Visits/Month/6 months collected for patients over 18 years of age","Unit of Measurement Total Number of RN Tele or Virtual Visits/Month/6 months collected","Actual Hours Worked RN/Clinic/Month Collected","Actual Hours Worked APN/Clinic/Month Collected","Actual Hours Worked PA/Clinic/Month Collected","Actual Hours Worked MA/Clinic/Month Collected","Actual Hours Worked MD/Clinic/Month Collected","Actual Hours Worked LPN/Clinic/Month Collected","Actual Hours Worked/Other Ancillary Staff","Actual Hours Worked Contract Staff/Clinic/Month Collected","Budgeted Hours Worked RN/Clinic/Month Collected","Budgeted Hours Worked APN/Clinic/Month Collected","Budgeted Hours Worked PA/Clinic/Month Collected","Budgeted Hours Worked MA/Clinic/Month Collected","Budgeted Hours Worked MD/Clinic/Month Collected","Budgeted Hours Worked LPN/Clinic/Month Collected","Budgeted Hours Worked/Other Ancillary Staff/Clinic/Month Collected","Budgeted Hours Worked Contract Staff/Clinic/Month Collected","Number of Patients Served between 18-40 years of age/Clinic/Month","Number of Patients Served between 41-65 years of age/Clinic/Month","Number of Patients Served between 66-89 years of age/Clinic/Month","Number of Patients Served over 89 years of age/Clinic/Month","Race: Number of Black African American Patients Served in Unit/Month Collected","Race: Number of Caucasian/White Patients Served in Unit/Month Collected","Race: Number of Asian Patients Served in Unit/Month Collected","Race: Number of Native Hawaiaan Patients Served in Unit/Month Collected","Race: Number Of Other Pacific Islander Patients Served in Unit/Month Collected","Race: Number of American Indian/Alaskan Indian Patients Served in Unit/Month Collected","Race: Number of Multiracial Patients (more than 1 race identified) Served in Unit/Month Collected","Race: Number of Unreported Race Patients Served in Unit/Month Collected","Ethnicity: Numberof Hispanic Patient Service in Unit/Month Collected","Ethnicity: Number of Non Hispanic Patients. Served in Unit/Month Collected","Ethnicity: Number of Hispanic Patients Served in Unit/Month Collected","Ethnicity: Number of Unreported Ethnicity Patients Served in Unit/Month Collected","Gender at Birth: Number of Female Patients Served in Unit/Month Collected","Gender at Birth: Number of Male Patients Served in Unit/Month Collected","Gender at Birth: Number of Patients Who Identify as Unknown Gender at Time of Birth in Unit/Month Collected","Gender at Birth: Number of Patients Who Identify as ""X"" Gender at time of Birth in Unit/Month","Number of Patients with Private Payor in Unit/Month Collected","Number of Patients with Public/Governmental Payor in Unit/Month Collected","Number of Patients that are Uninsured in unit/month collected","Number of Patients Blood Pressure Assessed in Unit/Month Collected","Number of Patients with BP over 140/90/Unit/Month Collected","Number of Patients with Body Mass Index Assessed in Unit/Month Collected","Number of Patients with Body Mass Index over 30 in unit/month collected","Number of Patients with HGB A1C Assessed in unit/month collected","Number of Patients with HGB A1C over 9.0 in unit/month collected","Number of Patients with HGB A1C 8.0-8.9 in unit/month collected","Number of Patients with HGB A1C under 7.0-7.9in unit/month collected","Number of Patients with HGB A1C under 7.0"
"1",2022-04-01,"CMG CANAL PARK F.M.",NA,1,3,"Primary Family",NA,NA,2,2,1,1,"Yes","2",2,1,4125,2,0,612,612,0,NA,0,NA,NA,0,NA,385,643,0,0,NA,NA,0,NA,418,735,NA,120,247,174,9,5,521,2,0,0,0,10,12,17,496,0,37,321,229,0,0,246,289,15,533,86,341,181,76,9,11,7,49
"2",2022-04-01,"CMG HEALTH FIRST F.M.",NA,1,3,"Primary Family",NA,NA,2,2,1,1,"Yes","1 RN:2 Sites",2,1,4125,2,0,623,623,0,NA,0,NA,NA,0,NA,268,343,0,0,NA,NA,0,NA,278,447,NA,75,137,116,5,9,307,0,0,0,1,6,10,11,311,0,11,188,145,0,0,110,215,8,335,24,405,200,105,7,5,12,81
"3",2022-04-01,"CMG NEWARK F.M.",NA,1,3,"Primary Family",NA,NA,2,2,1,1,"Yes","1 RN:2 Sites",2,1,4125,2,0,626,626,0,NA,0,NA,NA,0,NA,197,316,0,0,NA,NA,0,NA,209,288,NA,58,159,110,8,17,302,0,0,0,1,7,8,15,308,0,12,205,130,0,0,114,208,13,344,29,450,252,92,4,3,11,74
"4",2022-04-01,"RGH FM AT WILSON",NA,3,3,"Primary Family",NA,NA,2,2,1,1,"Yes","1 RN:2 Sites",2,1,4125,2,0,479,479,0,NA,0,NA,NA,107,NA,299,309,0,0,NA,NA,146,NA,278,318,NA,135,203,70,2,98,236,11,0,0,1,18,46,41,336,0,33,243,167,0,0,146,261,3,371,61,268,150,78,7,7,19,45
"5",2022-04-01,"RGH INT MED WILSON",NA,3,3,"Primary Adult",NA,NA,2,2,1,1,"Yes","1 RN:2 Sites",2,1,4125,2,0,1838,1838,0,NA,452,NA,NA,492,NA,276,1144,0,625,NA,NA,699,NA,835,1456,NA,309,800,556,27,597,636,23,0,0,2,72,362,409,1184,0,99,919,772,0,1,488,1165,39,1647,432,988,543,307,35,31,47,194
"6",2022-04-01,"RMG BAY CREEK MEDICAL",NA,2,3,"Primary Adult",NA,NA,2,2,1,1,"Yes","1",2,1,4125,2,0,1779,1779,0,NA,224,NA,NA,102,NA,1121,1018,0,208,NA,NA,0,NA,1378,1268,NA,234,631,675,56,45,1443,9,2,0,2,32,63,37,1445,0,114,904,691,0,1,743,829,24,1445,205,560,222,268,16,13,42,197
"7",2022-04-01,"RMG CLINTON FAMILY",NA,3,4,"Primary Family",NA,NA,2,2,1,1,"Yes","1 RN:2 Sites",2,1,4125,2,0,1221,1221,0,NA,130,NA,NA,155,NA,491,766,0,139,NA,NA,291,NA,543,735,NA,271,516,179,3,88,207,23,0,1,1,64,585,711,228,0,30,627,342,0,0,167,778,24,893,212,351,158,207,35,14,22,136
"8",2022-04-01,"RMG GANANDA FAMILY",NA,1,3,"Primary Family",NA,NA,2,2,1,1,"Yes","2",2,1,4125,2,0,437,437,0,NA,32,NA,NA,98,NA,113,411,0,44,NA,NA,0,NA,278,447,NA,133,160,120,4,7,377,3,0,0,1,12,17,10,374,0,33,270,147,0,0,216,191,10,386,40,263,118,78,3,9,4,62
"9",2022-04-01,"RMG GIM AT ALEXANDER",NA,3,4,"Primary Adult",NA,NA,2,2,1,1,"Yes","1",2,1,4125,2,0,1360,1360,0,NA,150,NA,NA,340,NA,215,700,0,139,NA,NA,437,NA,905,1136,NA,312,608,310,12,624,357,48,0,3,0,56,154,171,996,0,75,772,470,0,0,354,844,44,1168,318,906,493,254,26,16,25,187
"10",2022-04-01,"RMG LINDEN MEDICAL GRP",NA,2,3,"Primary Adult",NA,NA,2,2,1,1,"Yes","1 RN:2 Sites",2,1,4125,2,0,1704,1704,0,NA,88,NA,NA,163,NA,943,1163,0,139,NA,NA,146,NA,1114,1461,NA,216,604,675,54,44,1427,12,1,0,1,24,40,22,1363,0,164,964,585,0,0,716,815,18,1485,119,1223,505,185,15,15,37,118
"11",2022-04-01,"RMG LONG POND INT MED",NA,2,3,"Primary Adult",NA,NA,2,2,1,1,"Yes","1 RN:2 Sites",2,1,4125,2,0,1184,1184,0,NA,0,NA,NA,144,NA,549,722,0,0,NA,NA,291,NA,835,1182,NA,156,439,444,21,60,936,8,1,0,0,24,31,22,883,0,155,738,322,0,0,455,582,23,946,140,604,284,98,4,1,21,72
"12",2022-04-01,"RMG LYONS HEALTH CENTER",NA,1,3,"Primary Adult",NA,NA,2,2,1,1,"Yes","2",2,1,4125,2,0,566,566,0,NA,126,NA,NA,0,NA,215,433,0,139,NA,NA,0,NA,278,480,NA,116,253,163,12,37,459,0,0,0,0,11,37,31,495,0,18,314,230,0,0,204,315,25,547,70,249,143,62,8,5,15,34
"13",2022-04-01,"RMG NEWARK INT MED",NA,1,4,"Primary Adult",NA,NA,2,2,1,1,"Yes","1 RN:2 Sites",2,1,4125,2,0,1253,1253,0,NA,157,NA,NA,3,NA,686,716,0,139,NA,NA,146,NA,974,1009,NA,234,457,440,40,61,1035,10,0,1,3,26,35,42,1081,0,48,729,442,0,0,380,750,41,1072,210,905,478,252,19,16,41,176
"14",2022-04-01,"RMG NORTHRIDGE MEDICAL",NA,2,3,"Primary Adult",NA,NA,2,2,1,1,"Yes","2",2,1,4125,2,0,1185,1185,0,NA,316,NA,NA,0,NA,730,718,0,417,NA,NA,0,NA,766,879,NA,127,465,477,16,231,760,7,1,0,2,16,68,71,958,0,56,644,441,0,0,417,637,31,1027,112,948,453,139,11,5,38,85
"15",2022-04-01,"RMG PENN FAIR PC",NA,2,3,"Primary Family",NA,NA,2,2,1,1,"Yes","1 RN:2 Sites",2,1,4125,2,0,1076,1076,0,NA,117,NA,NA,0,NA,472,747,0,69,NA,NA,0,NA,835,951,NA,239,407,318,18,47,820,21,0,0,0,39,55,30,853,0,99,628,354,0,0,449,521,12,896,135,637,273,154,17,9,17,111
"16",2022-04-01,"RMG REFUGEE HEALTH",NA,3,4,"Primary Family",NA,NA,2,2,1,1,"Yes","1",2,1,4125,2,0,550,550,0,NA,128,NA,NA,0,NA,250,707,0,139,NA,NA,0,NA,557,1023,NA,224,221,65,1,16,13,215,0,1,0,39,227,22,393,0,96,291,220,0,0,63,434,14,464,48,164,51,106,7,8,16,75
"17",2022-04-01,"RMG RIDGEWAY FAMILY",NA,2,3,"Primary Family",NA,NA,2,2,1,1,"Yes","1 RN:2 Sites",2,1,4125,2,0,638,638,0,NA,155,NA,NA,165,NA,370,543,0,139,NA,NA,291,NA,529,432,NA,136,244,161,8,62,423,9,0,1,0,13,41,35,441,0,73,332,217,0,0,220,314,15,543,58,437,237,78,5,5,14,54
"18",2022-04-01,"RMG SODUS INT MED",NA,1,3,"Primary Adult",NA,NA,2,2,1,1,"Yes","1 RN:2 Sites",2,1,4125,2,0,392,392,0,NA,68,NA,NA,145,NA,163,313,0,90,NA,NA,0,NA,139,216,NA,63,149,151,7,23,323,3,0,0,0,10,11,12,341,0,17,190,180,0,0,118,237,15,375,28,131,78,75,10,7,17,41
"19",2022-04-01,"RMG WILLIAMSON FAMILY",NA,1,3,"Primary Family",NA,NA,2,2,1,1,"Yes","1 RN:2 Sites",2,1,4125,2,0,488,488,0,NA,98,NA,NA,121,NA,250,324,0,56,NA,NA,146,NA,501,288,NA,106,182,176,8,20,432,0,0,0,1,8,11,9,440,0,23,272,200,0,0,176,282,14,472,62,144,62,93,8,6,16,63
"20",2022-04-01,"RMG WOLCOTT INT MED",NA,1,4,"Primary Adult",NA,NA,2,2,1,1,"Yes","1 RN:2 Sites",2,1,4125,2,0,812,812,0,NA,65,NA,NA,0,NA,536,432,0,83,NA,NA,0,NA,557,591,NA,181,314,213,10,5,688,2,0,0,0,8,15,8,671,0,39,416,302,0,0,274,411,33,704,110,246,123,113,15,8,23,67
"21",2022-04-01,"RRH FAM & LIFE MED CAN",NA,2,3,"Primary Family",NA,NA,2,2,1,1,"Yes","1 RN:2 Sites",2,1,4125,2,0,397,397,0,NA,58,NA,NA,136,NA,144,123,0,139,NA,NA,146,NA,139,144,NA,87,175,93,4,4,329,1,0,0,1,7,17,8,309,0,42,257,102,0,0,186,168,5,341,31,207,87,47,4,1,6,36
"22",2022-04-01,"RRH FAMILY MED AT RIT",NA,2,3,"Primary Family",NA,NA,2,2,1,1,"Yes","1",2,1,4125,2,0,479,479,0,NA,0,NA,NA,0,NA,141,435,0,0,NA,NA,0,NA,278,447,NA,200,196,55,0,25,347,23,0,0,2,16,38,16,391,0,44,233,218,0,0,345,100,6,238,69,194,67,40,5,0,7,28
"23",2022-04-01,"RRH PC HENRIETTA",NA,2,3,"Primary Family",NA,NA,2,2,1,1,"Yes","1 RN:2 Sites",2,1,4125,2,0,1328,1328,0,NA,105,NA,NA,143,NA,565,482,0,139,NA,NA,146,NA,418,1016,NA,302,493,409,23,62,898,51,0,0,1,55,160,43,939,0,245,650,577,0,0,612,599,16,1053,214,290,131,173,10,11,27,125
"24",2022-04-01,"UHS FACULTY PARTNERS",NA,2,3,"Primary Adult",NA,NA,2,2,1,1,"Yes","2",2,1,4125,2,0,660,660,0,NA,84,NA,NA,14,NA,291,523,0,0,NA,NA,0,NA,696,740,NA,101,246,220,9,86,411,17,0,0,0,19,43,31,458,0,87,286,290,0,0,204,360,12,551,176,544,266,97,6,7,18,66
"25",2022-04-01,"UHS IM AT RIDGEWAY",NA,2,3,"Primary Adult",NA,NA,2,2,1,1,"Yes","1 RN:2 Sites",2,1,4125,2,0,1783,1783,0,NA,0,NA,NA,208,NA,356,683,0,0,NA,NA,582,NA,738,740,NA,202,667,786,60,153,1389,21,0,1,3,34,114,46,1342,0,327,997,718,0,0,649,1039,27,1621,265,1519,725,401,18,21,45,317
"26",2022-04-01,"UMG FM @ COUNTRY VLLGE",NA,2,3,"Primary Family",NA,NA,2,2,1,1,"Yes","1 RN:2 Sites",2,1,4125,2,0,1163,1163,0,NA,125,NA,NA,0,NA,500,761,0,139,NA,NA,0,NA,418,884,NA,186,328,295,9,59,691,8,0,1,1,20,38,30,687,0,101,507,311,0,0,378,429,11,779,108,887,444,104,5,11,22,66
"27",2022-04-01,"UMG FM @ ORCHARD ST",NA,3,4,"Primary Family",NA,NA,2,2,1,1,"Yes","1 RN:2 Sites",2,1,4125,2,0,675,675,0,NA,176,NA,NA,28,NA,281,472,0,139,NA,NA,0,NA,278,577,NA,211,242,73,0,247,106,4,0,0,0,31,138,159,313,0,54,347,179,0,0,124,379,23,456,52,537,305,57,13,5,10,29
"28",2022-04-01,"UMG FM AT BROCKPORT",NA,2,3,"Primary Family",NA,NA,2,2,1,1,"Yes","1 RN:2 Sites",2,1,4125,2,0,1173,1173,0,NA,186,NA,NA,0,NA,674,710,0,139,NA,NA,0,NA,696,726,NA,258,480,300,11,18,969,7,0,0,2,20,33,23,942,0,84,689,360,0,0,500,526,23,1017,167,418,234,103,9,10,21,63
"29",2022-04-01,"UMG FM AT CHILI CTR",NA,2,3,"Primary Family",NA,NA,2,2,1,1,"Yes","1",2,1,4125,2,0,1089,1089,0,NA,0,NA,NA,444,NA,158,641,0,0,NA,NA,422,NA,613,893,NA,240,461,303,14,65,911,13,0,0,0,15,14,22,951,0,45,591,427,0,0,533,468,17,969,101,793,383,147,9,14,26,98
"30",2022-04-01,"UMG FM AT PARKWAY",NA,2,3,"Primary Family",NA,NA,2,2,1,1,"Yes","1",2,1,4125,2,0,1295,1295,0,NA,0,NA,NA,588,NA,335,926,0,0,NA,NA,728,NA,557,978,NA,346,579,295,13,47,1102,19,2,0,5,23,35,59,1059,0,115,831,402,0,0,653,560,20,1040,177,1151,549,140,12,6,20,102
"31",2022-04-01,"UMG FM AT SPENCERPORT",NA,2,3,"Primary Family",NA,NA,2,2,1,1,"Yes","1 RN:2 Sites",2,1,4125,2,0,1515,1515,0,NA,111,NA,NA,79,NA,615,626,0,139,NA,NA,73,NA,835,879,NA,310,618,464,26,17,1373,5,0,2,2,10,9,29,1285,0,104,885,533,0,0,722,674,22,1172,119,1191,555,255,12,19,45,179
"32",2022-04-01,"UMG FM AT STM",NA,3,4,"Primary Family",NA,NA,2,2,1,1,"Yes","1",2,1,4125,2,0,649,649,0,NA,88,NA,NA,422,NA,353,591,0,139,NA,NA,291,NA,557,1168,NA,157,318,124,5,400,129,12,0,0,2,21,40,44,514,0,46,385,219,0,0,174,412,18,559,100,494,277,82,18,9,5,50
"33",2022-04-01,"UMG GERIATRIC ASSOC",NA,2,3,"Primary Adult",NA,NA,2,2,1,1,"No","4",2,1,4125,2,0,1216,1161,55,NA,251,NA,NA,133,NA,990,1503,0,278,NA,NA,146,NA,1114,1969,NA,0,133,779,174,57,942,5,1,0,1,14,66,20,870,0,196,691,395,0,0,84,991,11,1063,212,912,375,169,11,14,26,118
"34",2022-04-01,"UMG IM AT CORNERSTONE",NA,2,3,"Primary Adult",NA,NA,2,2,1,1,"Yes","1 RN:2 Sites",2,1,4125,2,0,1493,1493,0,NA,121,NA,NA,55,NA,504,488,0,0,NA,NA,291,NA,626,577,NA,274,584,464,17,262,879,36,0,5,4,38,115,63,1096,0,180,798,541,0,0,548,767,24,1265,255,397,199,176,20,15,29,112
"35",2022-04-01,"UMG IM AT PARKRIDGE",NA,2,3,"Primary Adult",NA,NA,2,2,1,1,"Yes","2",2,1,4125,2,0,561,561,0,NA,16,NA,NA,526,NA,200,850,0,0,NA,NA,582,NA,278,735,NA,61,218,253,24,68,414,13,0,1,2,13,45,24,454,0,78,284,272,0,0,170,378,8,544,76,615,285,120,7,8,14,91
"36",2022-04-01,"UMMC BATAVIA IM",NA,1,3,"Primary Adult",NA,NA,2,2,1,1,"Yes","1",2,1,4125,2,0,863,863,0,NA,116,NA,NA,272,NA,263,635,0,273,NA,NA,291,NA,360,154,NA,78,268,417,36,18,731,10,0,0,1,11,28,11,751,0,37,471,328,0,0,237,540,22,756,62,878,390,192,11,11,19,151
"37",2022-04-01,"UMMC FM @ ATTICA",NA,1,3,"Primary Family",NA,NA,2,2,1,1,"Yes","1",2,1,4125,2,0,195,195,0,NA,0,NA,NA,72,NA,162,228,0,0,NA,NA,146,NA,0,209,NA,47,76,57,5,0,174,0,0,0,0,4,7,2,179,0,4,102,83,0,0,92,91,2,172,10,184,78,61,2,0,3,56
"38",2022-04-01,"UMMC FM @ BERGEN",NA,1,3,"Primary Family",NA,NA,2,2,1,1,"Yes","1",2,1,4125,2,0,661,661,0,NA,117,NA,NA,0,NA,142,312,0,139,NA,NA,0,NA,280,154,NA,94,122,106,5,0,317,0,0,0,2,1,7,1,306,0,20,208,119,0,0,183,136,8,295,37,285,148,66,0,5,6,55
"39",2022-04-01,"UMMC PC @ LEROY",NA,1,3,"Primary Family",NA,NA,2,2,1,1,"Yes","1",2,1,4125,2,0,898,898,0,NA,23,NA,NA,168,NA,110,439,0,65,NA,NA,283,NA,361,297,NA,92,264,177,4,21,493,2,0,0,0,5,16,12,501,0,24,264,273,0,0,203,307,27,516,53,156,82,118,5,10,6,97
"40",2022-04-01,"UMMC PC BATAVIA",NA,1,3,"Primary Family",NA,NA,2,2,1,1,"Yes","1",2,1,4125,2,0,1332,1332,0,NA,250,NA,NA,723,NA,98,748,0,278,NA,NA,1021,NA,487,148,NA,346,556,277,11,59,1076,2,0,0,4,16,33,32,1123,0,35,667,522,0,1,513,639,38,1147,157,725,345,171,13,19,13,126
"41",2022-04-01,"WNY CANISTEO VALLEY FP",NA,1,3,"Primary Family",NA,NA,2,2,1,1,"Yes","1 RN:2 Sites",2,1,4125,2,0,759,759,0,NA,275,NA,NA,155,NA,620,973,0,278,NA,NA,146,NA,626,1394,NA,192,322,169,9,6,658,0,0,0,0,3,25,4,633,0,55,431,261,0,0,286,376,30,676,80,522,275,89,19,6,15,49
"42",2022-04-01,"WNY CLIFTON SPRINGS IM",NA,1,3,"Primary Adult",NA,NA,2,2,1,1,"Yes","1 RN:2 Sites",2,1,4125,2,0,428,428,0,NA,10,NA,NA,128,NA,151,229,0,139,NA,NA,146,NA,139,144,NA,47,138,190,21,1,383,2,0,0,0,3,7,6,366,0,24,212,184,0,0,135,248,13,400,76,490,231,58,5,8,21,24
"43",2022-04-01,"WNY FAM MED ALFRED",NA,1,3,"Primary Family",NA,NA,2,2,1,1,"Yes","1 RN:2 Sites",2,1,4125,2,0,408,408,0,NA,0,NA,NA,0,NA,316,206,0,0,NA,NA,0,NA,209,447,NA,55,162,150,6,3,361,3,0,0,0,5,1,1,356,0,16,208,165,0,0,153,217,3,363,80,367,166,65,8,5,9,43
"44",2022-04-01,"WNY FAM MED HORNELL",NA,1,3,"Primary Family",NA,NA,2,2,1,1,"Yes","1 RN:2 Sites",2,1,4125,2,0,168,168,0,NA,0,NA,NA,0,NA,158,235,0,0,NA,NA,0,NA,209,0,NA,23,63,70,3,1,154,2,0,0,0,2,0,0,153,0,6,86,73,0,0,58,100,1,167,41,168,91,47,4,5,13,25
"45",2022-04-01,"WNY FARMINGTON FAM PRC",NA,1,3,"Primary Family",NA,NA,2,2,1,1,"Yes","1 RN:2 Sites",2,1,4125,2,0,633,633,0,NA,144,NA,NA,248,NA,295,447,0,125,NA,NA,146,NA,278,452,NA,164,250,163,6,11,524,9,0,0,0,8,31,9,497,0,77,361,222,0,0,303,269,11,537,119,520,262,86,9,4,11,62
"46",2022-04-01,"WNY GENEVA FAMILY MED",NA,1,3,"Primary Family",NA,NA,2,2,1,1,"Yes","1",2,1,4125,2,0,329,329,0,NA,77,NA,NA,0,NA,248,480,0,0,NA,NA,0,NA,278,288,NA,51,127,104,6,16,249,0,0,0,0,9,14,15,239,0,34,160,128,0,0,121,157,10,285,90,312,179,43,7,2,6,28
"47",2022-04-01,"WNY HONEOYE VALLEY FP",NA,1,3,"Primary Family",NA,NA,2,2,1,1,"Yes","1",2,1,4125,2,0,1245,1245,0,NA,274,NA,NA,268,NA,278,682,0,139,NA,NA,437,NA,835,1168,NA,222,457,414,18,2,1033,6,0,0,3,18,49,11,996,0,104,666,445,0,0,539,560,12,1064,179,1029,461,150,11,9,21,109
"48",2022-04-01,"WNY IM @ FLMA GENEVA",NA,1,3,"Primary Adult",NA,NA,2,2,1,1,"Yes","1 RN:2 Sites",2,1,4125,2,0,1813,1689,124,NA,214,NA,NA,207,NA,423,1296,0,542,NA,NA,582,NA,689,1888,NA,242,506,622,38,76,1252,4,0,0,3,13,60,40,1288,0,80,801,607,0,0,497,884,27,1288,202,1229,593,284,11,8,32,233
"49",2022-04-01,"WNY IM AT PARNALL",NA,3,3,"Primary Adult",NA,NA,2,2,1,1,"Yes","1 RN:2 Sites",2,1,4125,2,0,381,381,0,NA,0,NA,NA,0,NA,249,348,0,0,NA,NA,0,NA,278,288,NA,29,131,180,19,32,283,2,0,0,0,10,32,23,305,0,31,178,181,0,0,101,255,3,309,92,365,149,102,5,8,13,76
"50",2022-04-01,"WNY IM CLINTON XING",NA,2,3,"Primary Adult",NA,NA,2,2,1,1,"Yes","1 RN:2 Sites",2,1,4125,2,0,1232,1232,0,NA,22,NA,NA,146,NA,421,841,0,139,NA,NA,291,NA,292,735,NA,320,531,317,6,139,764,20,4,0,1,51,195,59,863,0,252,617,555,1,1,625,529,20,1065,145,1077,522,160,16,16,25,103
"51",2022-04-01,"WNY INT MED @ LINDEN",NA,2,3,"Primary Adult",NA,NA,2,2,1,1,"Yes","1 RN:2 Sites",2,1,4125,2,0,747,747,0,NA,108,NA,NA,211,NA,129,384,0,139,NA,NA,291,NA,278,577,NA,81,326,276,15,62,546,8,0,2,0,18,62,25,580,0,93,346,352,0,0,317,364,17,660,121,444,168,106,7,5,22,72
"52",2022-04-01,"WNY INT MED PERINTON",NA,2,3,"Primary Adult",NA,NA,2,2,1,1,"Yes","1 RN:2 Sites",2,1,4125,2,0,714,714,0,NA,119,NA,NA,101,NA,287,507,0,139,NA,NA,146,NA,418,591,NA,143,309,221,8,21,563,22,1,1,2,21,50,21,560,0,100,386,295,0,0,367,309,5,636,99,341,141,70,10,8,3,49
"53",2022-04-01,"WNY MED ASSOC @ LINDEN",NA,2,3,"Primary Adult",NA,NA,2,2,1,1,"Yes","1 RN:2 Sites",2,1,4125,2,0,819,819,0,NA,0,NA,NA,109,NA,286,519,0,0,NA,NA,146,NA,418,577,NA,112,287,324,17,29,648,6,0,0,2,16,39,17,631,0,92,492,248,0,0,350,383,7,627,94,553,227,117,4,7,17,89
"54",2022-04-01,"WNY MEDINA FM",NA,1,3,"Primary Family",NA,NA,2,2,1,1,"Yes","1",2,1,4125,2,0,321,321,0,NA,141,NA,NA,0,NA,0,160,0,139,NA,NA,0,NA,0,303,NA,95,121,69,2,12,268,2,0,0,1,2,2,7,273,0,7,195,92,0,0,141,142,4,251,15,190,110,48,5,2,9,32
"55",2022-04-01,"WNY PC @ FLMA PENN YAN",NA,1,3,"Primary Family",NA,NA,2,2,1,1,"Yes","1 RN:2 Sites",2,1,4125,2,0,364,364,0,NA,0,NA,NA,111,NA,302,364,0,0,NA,NA,120,NA,278,432,NA,85,138,110,3,2,299,2,0,0,0,4,29,8,283,0,45,218,118,0,0,134,199,3,309,36,66,40,53,7,4,8,34
"56",2022-04-01,"RMG OPD/TWIG AT RHC",NA,3,4,"Primary Adult",NA,NA,2,2,1,1,"Yes","2 RN:1 Sites",2,1,4125,2,0,3463,3451,12,NA,672,NA,NA,401,NA,1663,1514,0,778,NA,NA,582,NA,1754,2175,NA,713,1375,698,24,898,889,54,2,15,3,120,829,899,1757,0,154,1676,1133,0,1,710,2041,59,2804,952,1746,957,582,77,45,73,387
"57",2022-05-01,"CMG CANAL PARK F.M.",NA,1,3,"Primary Family",NA,NA,2,2,1,1,"Yes","2",2,1,4125,2,0,639,639,0,NA,0,NA,NA,0,NA,520,880,0,0,NA,NA,0,NA,626,1103,NA,105,255,233,4,5,566,3,0,0,2,5,16,14,542,0,41,351,246,0,0,237,340,20,587,147,364,167,112,13,10,22,67
"58",2022-05-01,"CMG HEALTH FIRST F.M.",NA,1,3,"Primary Family",NA,NA,2,2,1,1,"Yes","1 RN:2 Sites",2,1,4125,2,0,532,532,0,NA,0,NA,NA,0,NA,376,606,0,0,NA,NA,0,NA,418,670,NA,82,128,117,5,14,302,1,0,0,0,3,12,13,299,0,20,192,140,0,0,114,210,8,342,20,391,195,95,2,9,6,78
"59",2022-05-01,"CMG NEWARK F.M.",NA,1,3,"Primary Family",NA,NA,2,2,1,1,"Yes","1 RN:2 Sites",2,1,4125,2,0,492,492,0,NA,0,NA,NA,0,NA,280,494,0,0,NA,NA,0,NA,313,432,NA,50,133,116,7,14,275,2,0,0,1,3,11,13,285,0,8,181,125,0,0,89,202,15,319,21,413,226,94,2,1,13,78
"60",2022-05-01,"RGH FM AT WILSON",NA,3,3,"Primary Family",NA,NA,2,2,1,1,"Yes","1 RN:2 Sites",2,1,4125,2,0,451,451,0,NA,0,NA,NA,188,NA,496,402,0,0,NA,NA,218,NA,418,303,NA,131,173,67,3,91,219,12,0,0,3,11,38,36,309,0,29,215,159,0,0,128,242,4,336,40,240,149,69,4,5,11,49
"61",2022-05-01,"RGH INT MED WILSON",NA,3,3,"Primary Adult",NA,NA,2,2,1,1,"Yes","1 RN:2 Sites",2,1,4125,2,0,2163,2163,0,NA,566,NA,NA,847,NA,311,1637,0,937,NA,NA,1048,NA,1253,2184,NA,362,961,588,38,704,708,34,1,2,1,96,403,456,1380,0,113,1103,844,1,1,614,1297,38,1928,476,1033,544,388,41,34,67,246
"62",2022-05-01,"RMG BAY CREEK MEDICAL",NA,2,3,"Primary Adult",NA,NA,2,2,1,1,"Yes","1",2,1,4125,2,0,1895,1895,0,NA,275,NA,NA,144,NA,1616,1364,0,312,NA,NA,0,NA,2067,1903,NA,237,643,776,56,46,1549,12,0,0,4,31,70,40,1574,0,98,975,736,0,1,757,930,25,1593,229,576,218,296,8,18,56,214
"63",2022-05-01,"RMG CLINTON FAMILY",NA,3,4,"Primary Family",NA,NA,2,2,1,1,"Yes","1 RN:2 Sites",2,1,4125,2,0,1046,1046,0,NA,138,NA,NA,189,NA,750,1133,0,139,NA,NA,437,NA,814,1103,NA,237,465,165,7,70,164,15,1,0,2,53,569,640,190,0,44,549,325,0,0,128,724,22,856,215,326,136,166,26,7,21,112
"64",2022-05-01,"RMG GANANDA FAMILY",NA,1,3,"Primary Family",NA,NA,2,2,1,1,"Yes","2",2,1,4125,2,0,601,601,0,NA,41,NA,NA,128,NA,254,581,0,22,NA,NA,0,NA,418,670,NA,177,229,168,5,7,525,2,0,0,0,13,32,14,513,0,52,381,198,0,0,310,256,13,561,80,375,198,113,5,5,12,91
"65",2022-05-01,"RMG GIM AT ALEXANDER",NA,3,4,"Primary Adult",NA,NA,2,2,1,1,"Yes","1",2,1,4125,2,0,1483,1483,0,NA,128,NA,NA,435,NA,565,1259,0,139,NA,NA,655,NA,1357,1704,NA,351,645,332,10,656,387,52,2,2,1,48,190,193,1049,0,96,805,533,0,0,391,922,25,1208,387,1032,573,250,29,13,30,178
"66",2022-05-01,"RMG LINDEN MEDICAL GRP",NA,2,3,"Primary Adult",NA,NA,2,2,1,1,"Yes","1 RN:2 Sites",2,1,4125,2,0,1697,1697,0,NA,93,NA,NA,210,NA,1360,1825,0,139,NA,NA,218,NA,1670,2191,NA,211,592,711,50,36,1433,14,1,0,1,32,47,20,1356,0,188,963,601,0,0,731,810,23,1526,148,1227,462,184,5,18,42,119
"67",2022-05-01,"RMG LONG POND INT MED",NA,2,3,"Primary Adult",NA,NA,2,2,1,1,"Yes","1 RN:2 Sites",2,1,4125,2,0,1313,1313,0,NA,0,NA,NA,363,NA,961,1127,0,0,NA,NA,437,NA,1253,1773,NA,181,484,463,19,87,994,6,1,1,0,21,37,25,983,0,139,790,357,0,0,510,617,20,1071,131,740,363,131,10,16,19,86
"68",2022-05-01,"RMG LYONS HEALTH CENTER",NA,1,3,"Primary Adult",NA,NA,2,2,1,1,"Yes","2",2,1,4125,2,0,590,590,0,NA,217,NA,NA,0,NA,338,596,0,139,NA,NA,0,NA,418,649,NA,125,257,164,13,30,490,0,0,0,1,7,31,29,511,0,19,310,249,0,0,206,325,28,569,85,262,124,54,9,8,8,29
"69",2022-05-01,"RMG NEWARK INT MED",NA,1,4,"Primary Adult",NA,NA,2,2,1,1,"Yes","1 RN:2 Sites",2,1,4125,2,0,1296,1296,0,NA,168,NA,NA,58,NA,968,1035,0,139,NA,NA,146,NA,1462,1514,NA,241,470,461,44,59,1079,7,0,1,1,23,46,61,1116,0,39,728,488,0,0,365,799,52,1141,199,938,493,241,15,17,43,166
"70",2022-05-01,"RMG NORTHRIDGE MEDICAL",NA,2,3,"Primary Adult",NA,NA,2,2,1,1,"Yes","2",2,1,4125,2,0,924,924,0,NA,303,NA,NA,0,NA,1135,1165,0,417,NA,NA,0,NA,1148,1319,NA,96,373,367,18,189,589,8,0,0,1,12,55,62,751,0,41,525,329,0,0,322,507,25,823,122,795,371,126,7,11,32,76
"71",2022-05-01,"RMG PENN FAIR PC",NA,2,3,"Primary Family",NA,NA,2,2,1,1,"Yes","1 RN:2 Sites",2,1,4125,2,0,1097,1097,0,NA,216,NA,NA,0,NA,715,1135,0,104,NA,NA,0,NA,1253,1427,NA,244,402,331,16,33,829,20,0,0,0,37,74,35,845,0,113,619,374,0,0,472,502,19,920,157,661,310,153,14,12,17,110
"72",2022-05-01,"RMG REFUGEE HEALTH",NA,3,4,"Primary Family",NA,NA,2,2,1,1,"Yes","1",2,1,4125,2,0,622,622,0,NA,154,NA,NA,0,NA,393,1082,0,139,NA,NA,0,NA,835,1535,NA,250,247,66,2,17,13,243,0,0,0,27,266,29,418,0,119,333,233,0,0,76,476,14,549,36,235,67,178,13,8,16,141
"73",2022-05-01,"RMG RIDGEWAY FAMILY",NA,2,3,"Primary Family",NA,NA,2,2,1,1,"Yes","1 RN:2 Sites",2,1,4125,2,0,585,585,0,NA,183,NA,NA,188,NA,638,697,0,208,NA,NA,437,NA,793,649,NA,153,258,143,5,81,420,1,1,4,0,13,39,37,458,0,64,354,205,0,0,251,297,11,563,47,500,248,79,6,6,9,58
"74",2022-05-01,"RMG SODUS INT MED",NA,1,3,"Primary Adult",NA,NA,2,2,1,1,"Yes","1 RN:2 Sites",2,1,4125,2,0,391,391,0,NA,131,NA,NA,188,NA,241,399,0,135,NA,NA,0,NA,209,324,NA,48,144,164,6,20,323,2,0,0,1,9,7,6,348,0,8,185,177,0,0,104,245,13,369,23,120,58,74,9,10,15,40
"75",2022-05-01,"RMG WILLIAMSON FAMILY",NA,1,3,"Primary Family",NA,NA,2,2,1,1,"Yes","1 RN:2 Sites",2,1,4125,2,0,602,602,0,NA,129,NA,NA,182,NA,413,381,0,56,NA,NA,218,NA,752,432,NA,122,205,222,15,15,528,0,1,0,0,1,19,9,526,0,29,300,264,0,0,200,344,20,550,72,220,89,111,13,5,15,78
"76",2022-05-01,"RMG WOLCOTT INT MED",NA,1,4,"Primary Adult",NA,NA,2,2,1,1,"Yes","1 RN:2 Sites",2,1,4125,2,0,884,884,0,NA,96,NA,NA,0,NA,795,745,0,83,NA,NA,0,NA,835,886,NA,193,323,220,18,11,710,4,0,0,2,8,19,8,704,0,42,414,340,0,0,268,455,31,739,122,194,95,154,13,10,24,107
"77",2022-05-01,"RRH FAM & LIFE MED CAN",NA,2,3,"Primary Family",NA,NA,2,2,1,1,"Yes","1 RN:2 Sites",2,1,4125,2,0,379,379,0,NA,64,NA,NA,189,NA,239,213,0,139,NA,NA,218,NA,209,216,NA,86,169,80,2,5,308,2,0,0,0,8,14,9,280,0,48,252,85,0,0,182,150,5,331,22,218,84,62,1,2,1,58
"78",2022-05-01,"RRH FAMILY MED AT RIT",NA,2,3,"Primary Family",NA,NA,2,2,1,1,"Yes","1",2,1,4125,2,0,573,573,0,NA,0,NA,NA,8,NA,397,678,0,0,NA,NA,0,NA,418,670,NA,206,244,63,0,27,395,20,1,0,1,29,40,14,432,0,67,258,255,0,0,399,111,3,303,93,196,91,52,6,5,6,35
"79",2022-05-01,"RRH PC HENRIETTA",NA,2,3,"Primary Family",NA,NA,2,2,1,1,"Yes","1 RN:2 Sites",2,1,4125,2,0,1397,1397,0,NA,102,NA,NA,232,NA,795,572,0,139,NA,NA,218,NA,626,1524,NA,310,533,428,24,66,964,43,1,0,0,43,178,39,985,0,271,685,610,0,0,630,641,24,1191,249,279,127,161,12,12,33,104
"80",2022-05-01,"UHS FACULTY PARTNERS",NA,2,3,"Primary Adult",NA,NA,2,2,1,1,"Yes","2",2,1,4125,2,0,657,657,0,NA,100,NA,NA,22,NA,385,836,0,0,NA,NA,0,NA,1044,1110,NA,83,233,253,4,89,395,18,0,0,1,17,53,36,459,0,78,286,287,0,0,185,371,17,556,131,458,237,82,6,9,12,55
"81",2022-05-01,"UHS IM AT RIDGEWAY",NA,2,3,"Primary Adult",NA,NA,2,2,1,1,"Yes","1 RN:2 Sites",2,1,4125,2,0,1524,1524,0,NA,0,NA,NA,171,NA,695,920,0,0,NA,NA,874,NA,1107,1110,NA,164,574,652,46,121,1141,17,0,1,1,30,125,52,1103,0,281,808,628,0,0,518,895,23,14,2,19,5,6,0,1,1,4
"82",2022-05-01,"UMG FM @ COUNTRY VLLGE",NA,2,3,"Primary Family",NA,NA,2,2,1,1,"Yes","1 RN:2 Sites",2,1,4125,2,0,1116,1116,0,NA,125,NA,NA,0,NA,729,1147,0,139,NA,NA,0,NA,626,1326,NA,174,363,265,8,68,687,9,0,0,0,16,30,29,664,0,117,523,287,0,0,387,404,19,783,121,920,445,61,7,4,6,44
"83",2022-05-01,"UMG FM @ ORCHARD ST",NA,3,4,"Primary Family",NA,NA,2,2,1,1,"Yes","1 RN:2 Sites",2,1,4125,2,0,538,538,0,NA,165,NA,NA,77,NA,421,636,0,139,NA,NA,0,NA,418,865,NA,162,207,55,0,204,83,6,1,0,0,19,111,112,276,0,36,285,139,0,0,103,312,9,386,49,462,261,47,6,6,5,30
"84",2022-05-01,"UMG FM AT BROCKPORT",NA,2,3,"Primary Family",NA,NA,2,2,1,1,"Yes","1 RN:2 Sites",2,1,4125,2,0,1094,1094,0,NA,169,NA,NA,0,NA,990,1088,0,139,NA,NA,0,NA,1044,1089,NA,254,428,295,8,32,899,6,0,0,3,14,31,20,882,0,83,638,347,0,0,462,507,16,953,138,448,226,120,5,16,23,76
"85",2022-05-01,"UMG FM AT CHILI CTR",NA,2,3,"Primary Family",NA,NA,2,2,1,1,"Yes","1",2,1,4125,2,0,1095,1095,0,NA,0,NA,NA,757,NA,213,1061,0,0,NA,NA,633,NA,919,1340,NA,224,446,337,12,63,909,11,0,0,1,9,26,24,956,0,39,588,431,0,0,523,469,27,992,131,911,424,125,11,12,16,86
"86",2022-05-01,"UMG FM AT PARKWAY",NA,2,3,"Primary Family",NA,NA,2,2,1,1,"Yes","1",2,1,4125,2,0,1179,1179,0,NA,0,NA,NA,847,NA,744,1303,0,0,NA,NA,1092,NA,835,1467,NA,329,475,294,6,52,989,7,0,0,4,20,32,40,966,0,98,751,353,0,0,555,530,19,956,138,1089,527,124,11,7,19,87
"87",2022-05-01,"UMG FM AT SPENCERPORT",NA,2,3,"Primary Family",NA,NA,2,2,1,1,"Yes","1 RN:2 Sites",2,1,4125,2,0,1734,1734,0,NA,108,NA,NA,99,NA,1005,1110,0,139,NA,NA,109,NA,1253,1319,NA,342,682,512,23,20,1493,7,0,0,2,18,19,36,1409,0,114,965,594,0,0,801,735,23,1355,141,1423,660,232,17,9,36,170
"88",2022-05-01,"UMG FM AT STM",NA,3,4,"Primary Family",NA,NA,2,2,1,1,"Yes","1",2,1,4125,2,0,627,627,0,NA,95,NA,NA,576,NA,467,965,0,139,NA,NA,437,NA,835,1751,NA,174,275,129,5,394,125,5,0,0,2,19,38,35,498,0,50,391,192,0,0,175,394,14,546,92,491,299,68,11,7,7,43
"89",2022-05-01,"UMG GERIATRIC ASSOC",NA,2,3,"Primary Adult",NA,NA,2,2,1,1,"No","4",2,1,4125,2,0,1227,1154,73,NA,461,NA,NA,212,NA,1499,2175,0,417,NA,NA,218,NA,1670,2668,NA,0,120,768,168,52,906,7,0,0,1,22,68,16,860,0,180,649,407,0,0,76,969,11,1034,206,841,340,179,9,22,30,118
"90",2022-05-01,"UMG IM AT CORNERSTONE",NA,2,3,"Primary Adult",NA,NA,2,2,1,1,"Yes","1 RN:2 Sites",2,1,4125,2,0,1242,1242,0,NA,102,NA,NA,40,NA,805,811,0,0,NA,NA,146,NA,940,865,NA,230,500,371,14,226,740,36,1,2,0,24,86,40,938,0,137,669,446,0,0,457,625,33,1060,208,462,221,144,18,9,25,92
"91",2022-05-01,"UMG IM AT PARKRIDGE",NA,2,3,"Primary Adult",NA,NA,2,2,1,1,"Yes","2",2,1,4125,2,0,531,531,0,NA,16,NA,NA,831,NA,333,1205,0,0,NA,NA,874,NA,418,1103,NA,58,215,218,23,67,382,12,0,0,0,14,39,28,411,0,75,252,262,0,0,162,342,10,518,91,583,259,112,8,9,14,81
"92",2022-05-01,"UMMC BATAVIA IM",NA,1,3,"Primary Adult",NA,NA,2,2,1,1,"Yes","1",2,1,4125,2,0,971,971,0,NA,159,NA,NA,419,NA,350,944,0,410,NA,NA,436,NA,541,231,NA,64,313,482,39,25,826,3,0,0,3,21,20,3,849,0,46,468,430,0,0,261,620,17,859,79,1024,493,234,8,8,25,193
"93",2022-05-01,"UMMC FM @ ATTICA",NA,1,3,"Primary Family",NA,NA,2,2,1,1,"Yes","1",2,1,4125,2,0,220,220,0,NA,0,NA,NA,206,NA,233,341,0,0,NA,NA,218,NA,0,314,NA,47,98,55,2,1,194,2,0,0,0,1,4,2,195,0,5,101,101,0,0,106,93,3,192,13,212,108,75,3,1,1,70
"94",2022-05-01,"UMMC FM @ BERGEN",NA,1,3,"Primary Family",NA,NA,2,2,1,1,"Yes","1",2,1,4125,2,0,641,641,0,NA,149,NA,NA,0,NA,259,528,0,139,NA,NA,0,NA,420,231,NA,99,112,137,7,2,341,0,0,1,0,2,9,5,326,0,24,221,134,0,0,180,168,7,328,30,277,132,78,2,0,2,74
"95",2022-05-01,"UMMC PC @ LEROY",NA,1,3,"Primary Family",NA,NA,2,2,1,1,"Yes","1",2,1,4125,2,0,808,808,0,NA,8,NA,NA,199,NA,165,673,0,33,NA,NA,425,NA,542,446,NA,85,224,154,12,13,445,1,0,1,1,2,12,10,450,0,15,252,223,0,0,172,285,18,475,34,215,99,94,5,9,9,71
"96",2022-05-01,"UMMC PC BATAVIA",NA,1,3,"Primary Family",NA,NA,2,2,1,1,"Yes","1",2,1,4125,2,0,1536,1536,0,NA,385,NA,NA,1030,NA,177,1173,0,417,NA,NA,1531,NA,731,223,NA,352,634,350,12,79,1195,6,1,0,7,22,39,34,1270,0,45,744,605,0,0,522,757,70,1307,193,949,476,198,14,10,38,136
"97",2022-05-01,"WNY CANISTEO VALLEY FP",NA,1,3,"Primary Family",NA,NA,2,2,1,1,"Yes","1 RN:2 Sites",2,1,4125,2,0,747,747,0,NA,406,NA,NA,217,NA,974,1737,0,417,NA,NA,218,NA,940,2091,NA,200,295,176,7,4,642,1,0,0,0,11,20,3,613,0,62,434,244,0,0,285,378,15,666,75,567,280,98,22,9,15,52
"98",2022-05-01,"WNY CLIFTON SPRINGS IM",NA,1,3,"Primary Adult",NA,NA,2,2,1,1,"Yes","1 RN:2 Sites",2,1,4125,2,0,413,413,0,NA,0,NA,NA,237,NA,231,411,0,0,NA,NA,218,NA,209,216,NA,42,129,204,13,3,364,1,0,0,0,6,14,5,346,0,37,226,162,0,0,131,246,11,392,62,525,256,61,8,6,11,36
"99",2022-05-01,"WNY FAM MED ALFRED",NA,1,3,"Primary Family",NA,NA,2,2,1,1,"Yes","1 RN:2 Sites",2,1,4125,2,0,428,428,0,NA,0,NA,NA,0,NA,520,368,0,0,NA,NA,0,NA,313,670,NA,61,157,169,7,4,376,4,0,0,0,7,3,1,373,0,20,216,178,0,0,158,232,4,393,85,415,206,74,5,5,9,55
"100",2022-05-01,"WNY FAM MED HORNELL",NA,1,3,"Primary Family",NA,NA,2,2,1,1,"Yes","1 RN:2 Sites",2,1,4125,2,0,197,197,0,NA,0,NA,NA,0,NA,230,357,0,0,NA,NA,0,NA,313,0,NA,21,88,81,3,1,181,1,0,0,0,9,1,1,180,0,12,100,93,0,0,69,122,2,204,47,212,108,46,3,4,12,27
"101",2022-05-01,"WNY FARMINGTON FAM PRC",NA,1,3,"Primary Family",NA,NA,2,2,1,1,"Yes","1 RN:2 Sites",2,1,4125,2,0,689,689,0,NA,123,NA,NA,263,NA,357,645,0,125,NA,NA,218,NA,418,449,NA,152,268,204,10,9,576,4,0,0,0,4,43,10,526,0,100,371,265,0,0,321,308,7,601,116,505,230,99,13,9,13,64
"102",2022-05-01,"WNY GENEVA FAMILY MED",NA,1,3,"Primary Family",NA,NA,2,2,1,1,"Yes","1",2,1,4125,2,0,327,327,0,NA,84,NA,NA,0,NA,367,787,0,0,NA,NA,0,NA,418,432,NA,48,120,116,4,15,251,1,0,0,0,5,16,11,247,0,30,154,134,0,0,103,177,8,287,76,348,168,39,2,3,3,31
"103",2022-05-01,"WNY HONEOYE VALLEY FP",NA,1,3,"Primary Family",NA,NA,2,2,1,1,"Yes","1",2,1,4125,2,0,1406,1406,0,NA,368,NA,NA,309,NA,461,1229,0,208,NA,NA,655,NA,1253,1751,NA,216,515,502,10,4,1135,6,0,0,2,34,62,16,1105,0,122,755,488,0,0,602,627,14,1208,268,1271,536,187,9,11,28,139
"104",2022-05-01,"WNY IM @ FLMA GENEVA",NA,1,3,"Primary Adult",NA,NA,2,2,1,1,"Yes","1 RN:2 Sites",2,1,4125,2,0,1823,1671,152,NA,257,NA,NA,405,NA,639,1894,0,812,NA,NA,874,NA,1034,2832,NA,265,514,649,51,54,1333,3,0,0,1,12,76,48,1340,0,91,852,627,0,0,526,923,30,1368,189,1109,503,285,9,15,26,235
"105",2022-05-01,"WNY IM AT PARNALL",NA,3,3,"Primary Adult",NA,NA,2,2,1,1,"Yes","1 RN:2 Sites",2,1,4125,2,0,353,353,0,NA,0,NA,NA,0,NA,418,439,0,0,NA,NA,0,NA,418,432,NA,39,108,162,17,40,258,0,0,0,0,9,19,12,295,0,19,166,160,0,0,108,217,1,300,63,340,148,92,7,6,19,60
"106",2022-05-01,"WNY IM CLINTON XING",NA,2,3,"Primary Adult",NA,NA,2,2,1,1,"Yes","1 RN:2 Sites",2,1,4125,2,0,1062,1062,0,NA,24,NA,NA,205,NA,597,1246,0,208,NA,NA,437,NA,438,1103,NA,273,466,259,4,130,646,14,0,1,0,38,173,53,731,0,218,513,489,0,0,546,441,15,943,108,1005,496,121,13,8,15,85
"107",2022-05-01,"WNY INT MED @ LINDEN",NA,2,3,"Primary Adult",NA,NA,2,2,1,1,"Yes","1 RN:2 Sites",2,1,4125,2,0,748,748,0,NA,106,NA,NA,320,NA,183,674,0,139,NA,NA,437,NA,418,865,NA,79,289,324,14,55,559,10,0,0,2,22,58,23,592,0,91,340,366,0,0,298,403,5,677,106,536,199,134,6,7,21,100
"108",2022-05-01,"WNY INT MED PERINTON",NA,2,3,"Primary Adult",NA,NA,2,2,1,1,"Yes","1 RN:2 Sites",2,1,4125,2,0,875,875,0,NA,149,NA,NA,162,NA,265,791,0,208,NA,NA,218,NA,626,886,NA,163,341,288,13,21,640,33,1,0,1,27,82,15,639,0,151,457,348,0,0,401,395,9,738,108,474,191,100,10,6,14,70
"109",2022-05-01,"WNY MED ASSOC @ LINDEN",NA,2,3,"Primary Adult",NA,NA,2,2,1,1,"Yes","1 RN:2 Sites",2,1,4125,2,0,749,749,0,NA,0,NA,NA,155,NA,513,811,0,0,NA,NA,218,NA,626,865,NA,86,260,307,25,33,611,4,0,0,0,8,22,8,600,0,70,445,233,0,0,307,359,12,588,75,583,245,115,3,5,19,88
"110",2022-05-01,"WNY MEDINA FM",NA,1,3,"Primary Family",NA,NA,2,2,1,1,"Yes","1",2,1,4125,2,0,336,336,0,NA,206,NA,NA,0,NA,0,319,0,208,NA,NA,0,NA,0,454,NA,89,126,71,0,7,269,1,0,0,2,2,5,4,270,0,12,199,87,0,0,152,129,5,261,5,174,94,51,5,5,3,38
"111",2022-05-01,"WNY PC @ FLMA PENN YAN",NA,1,3,"Primary Family",NA,NA,2,2,1,1,"Yes","1 RN:2 Sites",2,1,4125,2,0,388,388,0,NA,0,NA,NA,175,NA,397,542,0,0,NA,NA,180,NA,418,649,NA,97,133,120,4,2,308,3,0,0,0,3,39,3,299,0,53,238,117,0,0,131,218,6,348,53,102,47,50,2,3,10,35
"112",2022-05-01,"RMG OPD/TWIG AT RHC",NA,3,4,"Primary Adult",NA,NA,2,2,1,1,"Yes","2 RN:1 Sites",2,1,4125,2,0,3513,3500,13,NA,706,NA,NA,657,NA,2518,2428,0,1167,NA,NA,874,NA,2631,3123,NA,752,1300,698,34,907,879,59,1,16,3,107,812,873,1749,0,162,1649,1134,0,1,687,2036,61,2778,914,1944,1020,566,59,43,72,392
"113",2022-06-01,"CMG CANAL PARK F.M.",NA,1,3,"Primary Family",NA,NA,2,2,1,1,"Yes","2",2,1,4125,2,0,765,765,0,NA,0,NA,NA,0,NA,626,875,0,0,NA,NA,0,NA,626,1103,NA,136,323,218,9,7,643,3,0,0,1,10,23,20,619,0,48,385,302,0,0,300,363,24,680,200,456,240,141,21,10,21,89
"114",2022-06-01,"CMG HEALTH FIRST F.M.",NA,1,3,"Primary Family",NA,NA,2,2,1,1,"Yes","1 RN:2 Sites",2,1,4125,2,0,636,636,0,NA,0,NA,NA,0,NA,346,603,0,0,NA,NA,0,NA,418,670,NA,94,153,115,5,13,340,0,0,1,0,4,9,9,334,0,24,196,171,0,0,112,245,10,373,17,460,221,127,6,4,11,106
"115",2022-06-01,"CMG NEWARK F.M.",NA,1,3,"Primary Family",NA,NA,2,2,1,1,"Yes","1 RN:2 Sites",2,1,4125,2,0,643,643,0,NA,0,NA,NA,0,NA,276,513,0,0,NA,NA,0,NA,313,432,NA,59,158,129,7,15,325,1,0,0,0,6,6,7,335,0,11,225,128,0,0,117,223,13,373,26,472,257,114,8,9,10,87
"116",2022-06-01,"RGH FM AT WILSON",NA,3,3,"Primary Family",NA,NA,2,2,1,1,"Yes","1 RN:2 Sites",2,1,4125,2,0,522,522,0,NA,0,NA,NA,170,NA,571,378,0,0,NA,NA,218,NA,418,303,NA,152,218,69,2,99,256,13,1,0,2,28,42,50,357,0,34,262,179,0,0,167,267,7,422,45,297,157,85,5,6,9,65
"117",2022-06-01,"RGH INT MED WILSON",NA,3,3,"Primary Adult",NA,NA,2,2,1,1,"Yes","1 RN:2 Sites",2,1,4125,2,0,2222,2222,0,NA,361,NA,NA,815,NA,265,1641,0,937,NA,NA,1048,NA,1253,2184,NA,365,945,634,41,686,722,35,0,1,0,90,451,489,1363,0,133,1122,863,0,0,614,1323,48,1951,452,1051,575,395,47,21,67,260
"118",2022-06-01,"RMG BAY CREEK MEDICAL",NA,2,3,"Primary Adult",NA,NA,2,2,1,1,"Yes","1",2,1,4125,2,0,1996,1996,0,NA,96,NA,NA,188,NA,1570,1396,0,312,NA,NA,0,NA,2067,1903,NA,317,693,719,54,56,1599,15,1,1,2,42,67,57,1611,0,115,1000,782,0,1,848,898,37,1692,221,562,193,299,14,19,41,225
"119",2022-06-01,"RMG CLINTON FAMILY",NA,3,4,"Primary Family",NA,NA,2,2,1,1,"Yes","1 RN:2 Sites",2,1,4125,2,0,1191,1191,0,NA,0,NA,NA,346,NA,753,1034,0,0,NA,NA,437,NA,814,1103,NA,299,501,183,6,95,181,26,1,1,1,53,632,707,237,0,46,632,358,0,0,179,789,22,974,228,387,168,208,24,13,18,153
"120",2022-06-01,"RMG GANANDA FAMILY",NA,1,3,"Primary Family",NA,NA,2,2,1,1,"Yes","2",2,1,4125,2,0,634,634,0,NA,0,NA,NA,190,NA,231,550,0,0,NA,NA,0,NA,418,670,NA,189,263,144,3,9,550,1,0,0,0,10,29,10,541,0,48,400,199,0,0,346,244,9,590,109,233,139,137,4,5,18,110
"121",2022-06-01,"RMG GIM AT ALEXANDER",NA,3,4,"Primary Adult",NA,NA,2,2,1,1,"Yes","1",2,1,4125,2,0,1567,1567,0,NA,0,NA,NA,434,NA,815,1312,0,0,NA,NA,655,NA,1357,1704,NA,326,644,326,6,651,376,53,1,1,1,39,180,168,1030,0,104,775,526,1,0,388,881,33,1286,360,1220,658,294,25,12,23,234
"122",2022-06-01,"RMG LINDEN MEDICAL GRP",NA,2,3,"Primary Adult",NA,NA,2,2,1,1,"Yes","1 RN:2 Sites",2,1,4125,2,0,1811,1811,0,NA,0,NA,NA,294,NA,1134,1883,0,0,NA,NA,218,NA,1670,2191,NA,235,618,745,44,41,1514,20,1,0,3,22,41,21,1435,0,186,1018,624,0,0,765,858,19,1621,142,1449,595,182,15,17,36,114
"123",2022-06-01,"RMG LONG POND INT MED",NA,2,3,"Primary Adult",NA,NA,2,2,1,1,"Yes","1 RN:2 Sites",2,1,4125,2,0,1503,1503,0,NA,0,NA,NA,416,NA,1069,1212,0,0,NA,NA,437,NA,1253,1773,NA,245,545,497,30,91,1148,8,0,0,2,20,49,27,1139,0,152,892,426,0,0,582,713,23,1275,170,850,425,177,18,15,29,115
"124",2022-06-01,"RMG LYONS HEALTH CENTER",NA,1,3,"Primary Adult",NA,NA,2,2,1,1,"Yes","2",2,1,4125,2,0,613,613,0,NA,0,NA,NA,0,NA,377,498,0,0,NA,NA,0,NA,418,649,NA,121,248,197,12,31,506,0,1,0,1,8,31,30,527,0,21,323,255,0,0,187,370,21,588,90,322,161,63,6,9,13,35
"125",2022-06-01,"RMG NEWARK INT MED",NA,1,4,"Primary Adult",NA,NA,2,2,1,1,"Yes","1 RN:2 Sites",2,1,4125,2,0,1346,1346,0,NA,0,NA,NA,36,NA,932,853,0,0,NA,NA,218,NA,1462,1514,NA,260,521,455,25,47,1141,4,0,1,0,21,47,60,1171,0,30,745,516,0,0,444,772,45,1214,217,1038,533,262,17,18,34,193
"126",2022-06-01,"RMG NORTHRIDGE MEDICAL",NA,2,3,"Primary Adult",NA,NA,2,2,1,1,"Yes","2",2,1,4125,2,0,1195,1195,0,NA,0,NA,NA,0,NA,1082,1223,0,0,NA,NA,0,NA,1148,1319,NA,121,502,466,31,245,776,5,0,0,0,13,81,81,983,0,56,661,459,0,0,423,666,31,1087,110,1035,473,162,15,22,30,95
"127",2022-06-01,"RMG PENN FAIR PC",NA,2,3,"Primary Family",NA,NA,2,2,1,1,"Yes","1 RN:2 Sites",2,1,4125,2,0,1101,1101,0,NA,138,NA,NA,20,NA,780,1138,0,104,NA,NA,0,NA,1253,1427,NA,225,414,332,18,43,814,16,1,1,2,34,78,21,841,0,127,617,372,0,0,440,534,15,939,166,605,276,172,8,7,30,127
"128",2022-06-01,"RMG REFUGEE HEALTH",NA,3,4,"Primary Family",NA,NA,2,2,1,1,"Yes","1",2,1,4125,2,0,678,678,0,NA,0,NA,NA,114,NA,346,959,0,0,NA,NA,131,NA,835,1535,NA,260,292,71,1,18,11,261,0,1,0,39,294,29,471,0,124,368,256,0,0,100,510,14,616,57,385,99,193,13,14,25,141
"129",2022-06-01,"RMG RIDGEWAY FAMILY",NA,2,3,"Primary Family",NA,NA,2,2,1,1,"Yes","1 RN:2 Sites",2,1,4125,2,0,576,576,0,NA,86,NA,NA,38,NA,618,701,0,139,NA,NA,146,NA,793,649,NA,130,258,150,6,72,414,6,0,0,0,17,35,31,439,0,74,339,205,0,0,238,299,7,562,73,511,249,89,5,8,11,65
"130",2022-06-01,"RMG SODUS INT MED",NA,1,3,"Primary Adult",NA,NA,2,2,1,1,"Yes","1 RN:2 Sites",2,1,4125,2,0,413,413,0,NA,121,NA,NA,187,NA,216,335,0,135,NA,NA,0,NA,209,324,NA,58,173,151,6,30,332,6,0,0,1,4,15,12,361,0,15,209,179,0,0,137,236,15,396,30,141,67,80,4,13,15,48
"131",2022-06-01,"RMG WILLIAMSON FAMILY",NA,1,3,"Primary Family",NA,NA,2,2,1,1,"Yes","1 RN:2 Sites",2,1,4125,2,0,600,600,0,NA,0,NA,NA,169,NA,294,286,0,0,NA,NA,218,NA,752,432,NA,124,234,206,11,12,527,0,1,0,3,7,26,17,518,0,41,306,269,1,0,227,334,15,570,78,241,100,127,10,11,25,81
"132",2022-06-01,"RMG WOLCOTT INT MED",NA,1,4,"Primary Adult",NA,NA,2,2,1,1,"Yes","1 RN:2 Sites",2,1,4125,2,0,783,783,0,NA,0,NA,NA,0,NA,822,784,0,0,NA,NA,0,NA,835,886,NA,137,325,222,15,9,657,2,0,0,2,7,22,4,654,0,41,425,274,0,0,243,420,36,702,110,219,121,139,14,8,15,102
"133",2022-06-01,"RRH FAM & LIFE MED CAN",NA,2,3,"Primary Family",NA,NA,2,2,1,1,"Yes","1 RN:2 Sites",2,1,4125,2,0,379,379,0,NA,0,NA,NA,182,NA,214,220,0,0,NA,NA,218,NA,209,216,NA,90,159,83,6,3,309,0,0,0,1,6,19,7,297,0,34,255,83,0,0,168,162,8,337,27,214,95,55,3,2,5,45
"134",2022-06-01,"RRH FAMILY MED AT RIT",NA,2,3,"Primary Family",NA,NA,2,2,1,1,"Yes","1",2,1,4125,2,0,570,570,0,NA,0,NA,NA,0,NA,398,644,0,0,NA,NA,0,NA,418,670,NA,193,262,64,0,26,405,19,0,0,1,25,44,14,443,0,63,261,259,0,0,423,94,3,330,102,203,92,54,8,4,7,35
"135",2022-06-01,"RRH PC HENRIETTA",NA,2,3,"Primary Family",NA,NA,2,2,1,1,"Yes","1 RN:2 Sites",2,1,4125,2,0,1396,1396,0,NA,0,NA,NA,212,NA,681,604,0,0,NA,NA,218,NA,626,1524,NA,309,507,442,22,67,918,49,1,1,0,59,185,39,993,0,248,709,571,0,0,602,656,22,1201,219,358,168,162,14,11,21,116
"136",2022-06-01,"UHS FACULTY PARTNERS",NA,2,3,"Primary Adult",NA,NA,2,2,1,1,"Yes","2",2,1,4125,2,0,543,543,0,NA,0,NA,NA,48,NA,419,801,0,0,NA,NA,0,NA,1044,1138,NA,78,205,187,8,83,315,14,0,0,1,10,55,35,371,0,72,249,228,0,1,144,326,8,461,119,455,224,67,4,6,11,46
"137",2022-06-01,"UHS IM AT RIDGEWAY",NA,2,3,"Primary Adult",NA,NA,2,2,1,1,"Yes","1 RN:2 Sites",2,1,4125,2,0,1431,1431,0,NA,0,NA,NA,254,NA,725,1127,0,0,NA,NA,874,NA,1107,1110,NA,163,545,575,33,120,1031,17,0,1,2,35,110,41,994,0,281,800,516,0,0,510,775,31,18,4,229,102,62,5,2,13,42
"138",2022-06-01,"UMG FM @ COUNTRY VLLGE",NA,2,3,"Primary Family",NA,NA,2,2,1,1,"Yes","1 RN:2 Sites",2,1,4125,2,0,1375,1375,0,NA,0,NA,NA,0,NA,790,1000,0,0,NA,NA,0,NA,626,1326,NA,244,440,294,14,77,828,11,0,1,0,23,52,31,820,0,141,647,345,0,0,484,486,22,944,123,1093,515,100,8,14,13,65
"139",2022-06-01,"UMG FM @ ORCHARD ST",NA,3,4,"Primary Family",NA,NA,2,2,1,1,"Yes","1 RN:2 Sites",2,1,4125,2,0,701,701,0,NA,0,NA,NA,172,NA,412,607,0,0,NA,NA,0,NA,418,865,NA,228,248,76,0,245,121,11,0,0,2,28,146,145,351,0,57,369,184,0,0,132,405,16,519,62,641,367,64,10,4,11,39
"140",2022-06-01,"UMG FM AT BROCKPORT",NA,2,3,"Primary Family",NA,NA,2,2,1,1,"Yes","1 RN:2 Sites",2,1,4125,2,0,1000,1000,0,NA,0,NA,NA,0,NA,973,1082,0,0,NA,NA,0,NA,1044,1089,NA,272,364,249,1,22,817,1,0,0,2,18,27,21,791,0,75,582,305,0,0,427,447,13,887,127,406,205,93,5,10,18,60
"141",2022-06-01,"UMG FM AT CHILI CTR",NA,2,3,"Primary Family",NA,NA,2,2,1,1,"Yes","1",2,1,4125,2,0,1276,1276,0,NA,0,NA,NA,707,NA,170,1031,0,0,NA,NA,633,NA,919,1340,NA,284,487,367,16,57,1048,14,0,1,3,8,24,30,1076,0,49,682,473,0,0,607,523,25,1144,100,1052,473,191,21,13,31,126
"142",2022-06-01,"UMG FM AT PARKWAY",NA,2,3,"Primary Family",NA,NA,2,2,1,1,"Yes","1",2,1,4125,2,0,1452,1452,0,NA,3,NA,NA,758,NA,910,1241,0,69,NA,NA,1092,NA,835,1467,NA,385,598,355,5,52,1207,11,1,0,1,29,44,65,1143,0,137,908,437,0,0,718,604,23,1177,139,1269,627,186,9,12,28,137
"143",2022-06-01,"UMG FM AT SPENCERPORT",NA,2,3,"Primary Family",NA,NA,2,2,1,1,"Yes","1 RN:2 Sites",2,1,4125,2,0,1754,1754,0,NA,0,NA,NA,105,NA,1020,1229,0,0,NA,NA,109,NA,1253,1319,NA,356,705,517,21,14,1543,8,0,1,0,16,18,28,1464,0,108,1004,596,0,0,823,753,24,1423,101,1552,716,248,9,16,36,187
"144",2022-06-01,"UMG FM AT STM",NA,3,4,"Primary Family",NA,NA,2,2,1,1,"Yes","1",2,1,4125,2,0,754,754,0,NA,0,NA,NA,406,NA,440,1063,0,0,NA,NA,437,NA,835,1751,NA,194,363,132,3,450,148,10,0,0,1,22,61,67,579,0,46,446,246,0,0,205,470,17,664,120,501,276,89,17,9,15,48
"145",2022-06-01,"UMG GERIATRIC ASSOC",NA,2,3,"Primary Adult",NA,NA,2,2,1,1,"No","4",2,1,4125,2,0,1593,1520,73,NA,381,NA,NA,72,NA,1569,2277,0,417,NA,NA,73,NA,1670,2526,NA,1,176,958,193,60,1153,8,0,0,1,18,88,25,1062,0,241,868,460,0,0,119,1197,12,1346,236,1131,443,267,14,20,42,191
"146",2022-06-01,"UMG IM AT CORNERSTONE",NA,2,3,"Primary Adult",NA,NA,2,2,1,1,"Yes","1 RN:2 Sites",2,1,4125,2,0,1403,1403,0,NA,0,NA,NA,191,NA,528,797,0,0,NA,NA,437,NA,940,865,NA,248,571,408,24,250,815,35,1,4,6,29,111,61,1039,0,151,722,529,0,0,543,679,29,1216,209,559,274,184,26,15,21,122
"147",2022-06-01,"UMG IM AT PARKRIDGE",NA,2,3,"Primary Adult",NA,NA,2,2,1,1,"Yes","2",2,1,4125,2,0,1279,1279,0,NA,0,NA,NA,778,NA,484,1218,0,0,NA,NA,874,NA,418,1103,NA,125,526,527,42,112,989,23,0,0,1,30,65,39,996,0,185,604,616,0,0,455,742,23,1200,212,1472,685,269,18,10,37,204
"148",2022-06-01,"UMMC BATAVIA IM",NA,1,3,"Primary Adult",NA,NA,2,2,1,1,"Yes","1",2,1,4125,2,0,1043,1043,0,NA,209,NA,NA,492,NA,352,748,0,410,NA,NA,436,NA,541,231,NA,90,349,475,34,29,870,8,0,0,2,22,17,6,895,0,47,498,450,0,0,299,619,30,922,80,902,417,232,7,10,20,195
"149",2022-06-01,"UMMC FM @ ATTICA",NA,1,3,"Primary Family",NA,NA,2,2,1,1,"Yes","1",2,1,4125,2,0,249,249,0,NA,0,NA,NA,190,NA,208,318,0,0,NA,NA,218,NA,0,314,NA,48,102,72,6,1,215,3,0,0,2,3,4,2,217,0,9,107,121,0,0,110,113,5,220,6,253,127,79,1,0,1,77
"150",2022-06-01,"UMMC FM @ BERGEN",NA,1,3,"Primary Family",NA,NA,2,2,1,1,"Yes","1",2,1,4125,2,0,692,692,0,NA,0,NA,NA,0,NA,257,494,0,0,NA,NA,0,NA,420,231,NA,102,150,132,7,1,376,0,0,0,1,5,8,8,359,0,24,249,142,0,0,205,176,10,345,36,315,139,98,3,3,10,82
"151",2022-06-01,"UMMC PC @ LEROY",NA,1,3,"Primary Family",NA,NA,2,2,1,1,"Yes","1",2,1,4125,2,0,822,822,0,NA,0,NA,NA,208,NA,196,641,0,0,NA,NA,425,NA,542,446,NA,83,250,160,6,19,458,1,0,1,0,3,17,9,464,0,26,261,238,0,0,184,299,16,502,46,260,149,100,3,8,10,79
"152",2022-06-01,"UMMC PC BATAVIA",NA,1,3,"Primary Family",NA,NA,2,2,1,1,"Yes","1",2,1,4125,2,0,1439,1439,0,NA,367,NA,NA,1294,NA,224,974,0,417,NA,NA,1531,NA,731,223,NA,332,571,325,8,69,1119,1,0,0,6,16,25,29,1174,0,33,694,541,1,0,490,688,58,1214,152,724,359,214,26,11,29,148
"153",2022-06-01,"WNY CANISTEO VALLEY FP",NA,1,3,"Primary Family",NA,NA,2,2,1,1,"Yes","1 RN:2 Sites",2,1,4125,2,0,890,890,0,NA,388,NA,NA,220,NA,811,1695,0,417,NA,NA,218,NA,940,2091,NA,205,373,185,8,6,731,0,0,0,1,10,26,7,708,0,59,511,263,0,0,334,429,11,758,67,732,330,100,12,9,22,57
"154",2022-06-01,"WNY CLIFTON SPRINGS IM",NA,1,3,"Primary Adult",NA,NA,2,2,1,1,"Yes","1 RN:2 Sites",2,1,4125,2,0,434,434,0,NA,0,NA,NA,230,NA,180,392,0,0,NA,NA,218,NA,209,216,NA,36,145,213,13,3,387,2,0,0,0,5,11,6,366,0,36,229,179,0,0,148,249,11,410,86,527,259,50,7,7,10,26
"155",2022-06-01,"WNY FAM MED ALFRED",NA,1,3,"Primary Family",NA,NA,2,2,1,1,"Yes","1 RN:2 Sites",2,1,4125,2,0,437,437,0,NA,0,NA,NA,0,NA,438,547,0,0,NA,NA,0,NA,313,670,NA,70,177,162,4,3,392,2,0,0,2,10,4,2,391,0,20,199,214,0,0,184,228,1,421,94,434,185,58,4,8,9,37
"156",2022-06-01,"WNY FAM MED HORNELL",NA,1,3,"Primary Family",NA,NA,2,2,1,1,"Yes","1 RN:2 Sites",2,1,4125,2,0,177,177,0,NA,0,NA,NA,0,NA,211,532,0,0,NA,NA,0,NA,313,0,NA,23,76,68,3,2,160,1,0,0,0,6,1,1,162,0,7,89,81,0,0,71,97,2,186,39,180,85,25,2,3,1,19
"157",2022-06-01,"WNY FARMINGTON FAM PRC",NA,1,3,"Primary Family",NA,NA,2,2,1,1,"Yes","1 RN:2 Sites",2,1,4125,2,0,603,603,0,NA,0,NA,NA,191,NA,374,667,0,0,NA,NA,218,NA,418,449,NA,129,253,160,7,17,491,7,1,0,0,5,31,9,476,0,67,346,205,0,1,275,269,8,538,95,495,260,81,2,6,8,65
"158",2022-06-01,"WNY GENEVA FAMILY MED",NA,1,3,"Primary Family",NA,NA,2,2,1,1,"Yes","1",2,1,4125,2,0,298,298,0,NA,0,NA,NA,0,NA,418,772,0,0,NA,NA,0,NA,418,432,NA,48,98,110,7,16,229,1,0,0,0,2,15,11,224,0,28,136,127,0,0,91,165,7,266,75,319,154,44,5,3,7,29
"159",2022-06-01,"WNY HONEOYE VALLEY FP",NA,1,3,"Primary Family",NA,NA,2,2,1,1,"Yes","1",2,1,4125,2,0,1431,1431,0,NA,236,NA,NA,185,NA,397,1137,0,208,NA,NA,655,NA,1253,1751,NA,240,519,486,13,9,1163,2,1,0,3,30,52,16,1131,0,113,750,509,1,0,626,616,18,1238,234,1229,469,189,11,18,33,127
"160",2022-06-01,"WNY IM @ FLMA GENEVA",NA,1,3,"Primary Adult",NA,NA,2,2,1,1,"Yes","1 RN:2 Sites",2,1,4125,2,0,2081,1937,144,NA,220,NA,NA,362,NA,625,2002,0,812,NA,NA,874,NA,1034,2832,NA,278,539,639,52,57,1347,14,0,0,1,10,79,47,1365,0,96,859,649,0,0,560,915,33,1467,236,1303,605,327,13,10,29,275
"161",2022-06-01,"WNY IM AT PARNALL",NA,3,3,"Primary Adult",NA,NA,2,2,1,1,"Yes","1 RN:2 Sites",2,1,4125,2,0,336,336,0,NA,0,NA,NA,0,NA,430,424,0,0,NA,NA,0,NA,418,432,NA,29,100,170,11,39,245,2,0,0,1,8,15,19,272,0,19,154,156,0,0,82,224,4,306,79,378,137,96,6,5,15,70
"162",2022-06-01,"WNY IM CLINTON XING",NA,2,3,"Primary Adult",NA,NA,2,2,1,1,"Yes","1 RN:2 Sites",2,1,4125,2,0,1157,1157,0,NA,31,NA,NA,306,NA,544,1041,0,208,NA,NA,437,NA,438,1103,NA,278,506,315,6,136,723,21,0,0,3,44,178,57,791,0,257,554,550,0,1,586,507,12,1049,115,861,399,148,15,8,21,104
"163",2022-06-01,"WNY INT MED @ LINDEN",NA,2,3,"Primary Adult",NA,NA,2,2,1,1,"Yes","1 RN:2 Sites",2,1,4125,2,0,857,857,0,NA,0,NA,NA,354,NA,174,957,0,0,NA,NA,437,NA,418,865,NA,103,335,348,14,74,621,7,0,3,2,23,70,14,661,0,125,373,427,0,0,356,433,11,779,119,571,210,152,6,8,26,112
"164",2022-06-01,"WNY INT MED PERINTON",NA,2,3,"Primary Adult",NA,NA,2,2,1,1,"Yes","1 RN:2 Sites",2,1,4125,2,0,864,864,0,NA,1,NA,NA,189,NA,163,560,0,69,NA,NA,218,NA,626,807,NA,148,351,288,9,18,656,24,0,1,0,26,71,24,617,0,155,470,326,0,0,406,382,8,752,107,500,234,101,7,4,16,74
"165",2022-06-01,"WNY MED ASSOC @ LINDEN",NA,2,3,"Primary Adult",NA,NA,2,2,1,1,"Yes","1 RN:2 Sites",2,1,4125,2,0,816,816,0,NA,55,NA,NA,175,NA,528,673,0,69,NA,NA,218,NA,626,865,NA,98,307,304,24,31,645,7,1,0,1,13,35,13,631,0,89,465,268,0,0,351,372,10,683,73,706,297,138,2,4,20,112
"166",2022-06-01,"WNY MEDINA FM",NA,1,3,"Primary Family",NA,NA,2,2,1,1,"Yes","1",2,1,4125,2,0,326,326,0,NA,207,NA,NA,0,NA,0,310,0,208,NA,NA,0,NA,0,454,NA,87,128,71,0,13,260,4,0,0,2,3,4,8,268,0,10,198,88,0,0,150,133,3,270,8,141,72,46,4,1,5,36
"167",2022-06-01,"WNY PC @ FLMA PENN YAN",NA,1,3,"Primary Family",NA,NA,2,2,1,1,"Yes","1 RN:2 Sites",2,1,4125,2,0,360,360,0,NA,0,NA,NA,190,NA,317,628,0,0,NA,NA,180,NA,418,649,NA,95,120,97,4,1,270,2,0,0,0,5,40,4,260,0,54,204,114,0,0,119,192,7,319,37,83,40,43,5,4,4,30
"168",2022-06-01,"RMG OPD/TWIG AT RHC",NA,3,4,"Primary Adult",NA,NA,2,2,1,1,"Yes","2 RN:1 Sites",2,1,4125,2,0,3666,3657,9,NA,200,NA,NA,676,NA,2222,2963,0,1167,NA,NA,874,NA,2631,3415,NA,783,1397,698,20,936,921,47,0,10,2,119,863,945,1788,0,165,1763,1135,0,0,736,2107,55,2945,895,1670,895,638,88,47,74,429
"169",2022-07-01,"CMG CANAL PARK F.M.",NA,1,3,"Primary Family",NA,NA,2,2,1,1,"Yes","2",2,1,4125,2,0,580,580,0,NA,0,NA,NA,0,NA,589,909,0,0,NA,NA,0,NA,626,1103,NA,119,249,157,7,6,499,1,0,0,4,9,14,14,485,0,34,310,223,0,0,219,296,18,529,118,329,170,79,5,8,15,51
"170",2022-07-01,"CMG HEALTH FIRST F.M.",NA,1,3,"Primary Family",NA,NA,2,2,1,1,"Yes","1 RN:2 Sites",2,1,4125,2,0,473,473,0,NA,0,NA,NA,0,NA,307,625,0,0,NA,NA,0,NA,418,670,NA,59,106,87,5,8,232,0,0,0,1,5,11,7,233,0,17,156,101,0,0,87,166,4,257,10,322,161,74,7,7,6,54
"171",2022-07-01,"CMG NEWARK F.M.",NA,1,3,"Primary Family",NA,NA,2,2,1,1,"Yes","1 RN:2 Sites",2,1,4125,2,0,512,512,0,NA,0,NA,NA,0,NA,251,485,0,0,NA,NA,0,NA,313,432,NA,55,133,111,4,10,284,0,0,0,0,2,7,12,280,0,11,183,120,0,0,102,190,11,313,16,334,183,78,3,2,8,65
"172",2022-07-01,"RGH FM AT WILSON",NA,3,3,"Primary Family",NA,NA,2,2,1,1,"Yes","1 RN:2 Sites",2,1,4125,2,0,469,469,0,NA,0,NA,NA,46,NA,545,433,20,0,NA,NA,146,NA,418,390,NA,137,205,68,2,94,243,12,0,0,1,17,45,51,323,0,38,229,183,0,0,142,264,6,394,36,280,138,83,6,3,3,71
"173",2022-07-01,"RGH INT MED WILSON",NA,3,3,"Primary Adult",NA,NA,2,2,1,1,"Yes","1 RN:2 Sites",2,1,4125,2,0,1969,1969,0,NA,394,NA,NA,816,NA,453,1670,0,937,NA,NA,1048,NA,1253,2184,NA,343,849,570,27,636,640,38,1,2,4,75,393,440,1249,0,100,1006,781,1,1,546,1196,47,1777,394,1082,550,353,41,22,44,246
"174",2022-07-01,"RMG BAY CREEK MEDICAL",NA,2,3,"Primary Adult",NA,NA,2,2,1,1,"Yes","1",2,1,4125,2,0,1684,1684,0,NA,0,NA,NA,146,NA,1330,1359,7,0,NA,NA,0,NA,2067,1903,NA,218,574,643,51,47,1337,7,0,0,1,33,61,37,1348,0,101,842,644,0,0,663,812,11,1441,194,444,145,228,9,11,47,161
"175",2022-07-01,"RMG CLINTON FAMILY",NA,3,4,"Primary Family",NA,NA,2,2,1,1,"Yes","1 RN:2 Sites",2,1,4125,2,0,1066,1066,0,NA,0,NA,NA,427,NA,652,965,0,0,NA,NA,437,NA,814,1103,NA,263,468,174,4,91,180,18,0,1,4,49,567,631,228,0,51,581,329,0,0,148,738,24,883,189,336,141,197,19,13,29,136
"176",2022-07-01,"RMG GANANDA FAMILY",NA,1,3,"Primary Family",NA,NA,2,2,1,1,"Yes","2",2,1,4125,2,0,501,501,0,NA,0,NA,NA,201,NA,312,453,0,0,NA,NA,0,NA,418,670,NA,162,189,127,2,4,433,4,1,0,0,7,31,10,415,0,55,332,148,0,0,280,192,8,474,51,209,87,112,2,2,17,91
"177",2022-07-01,"RMG GIM AT ALEXANDER",NA,3,4,"Primary Adult",NA,NA,2,2,1,1,"Yes","1",2,1,4125,2,0,1199,1199,0,NA,0,NA,NA,355,NA,802,1161,0,0,NA,NA,655,NA,1357,1704,NA,231,575,290,5,516,333,41,0,0,3,49,159,160,851,0,90,689,412,0,0,299,776,26,1053,291,1094,572,216,25,10,26,155
"178",2022-07-01,"RMG LINDEN MEDICAL GRP",NA,2,3,"Primary Adult",NA,NA,2,2,1,1,"Yes","1 RN:2 Sites",2,1,4125,2,0,1545,1545,0,NA,0,NA,NA,155,NA,1074,1689,0,0,NA,NA,218,NA,1670,2191,NA,196,541,619,49,39,1265,17,0,0,0,34,50,20,1211,0,174,876,529,0,0,659,722,24,1391,110,1235,467,154,7,11,26,110
"179",2022-07-01,"RMG LONG POND INT MED",NA,2,3,"Primary Adult",NA,NA,2,2,1,1,"Yes","1 RN:2 Sites",2,1,4125,2,0,1329,1329,0,NA,0,NA,NA,364,NA,941,1319,0,0,NA,NA,437,NA,1253,1773,NA,232,514,434,17,82,1029,9,0,0,2,26,50,31,1006,0,161,829,369,0,0,553,618,27,1155,161,676,364,159,7,15,31,106
"180",2022-07-01,"RMG LYONS HEALTH CENTER",NA,1,3,"Primary Adult",NA,NA,2,2,1,1,"Yes","2",2,1,4125,2,0,494,494,0,NA,0,NA,NA,0,NA,366,599,0,0,NA,NA,0,NA,418,649,NA,105,202,160,11,29,413,0,1,0,0,7,28,30,422,0,26,257,221,0,0,165,294,19,484,74,256,131,51,2,6,15,28
"181",2022-07-01,"RMG NEWARK INT MED",NA,1,4,"Primary Adult",NA,NA,2,2,1,1,"Yes","1 RN:2 Sites",2,1,4125,2,0,1129,1129,0,NA,0,NA,NA,107,NA,862,979,0,0,NA,NA,218,NA,1462,1514,NA,225,439,377,26,56,935,6,1,1,3,28,37,50,981,0,36,645,422,0,0,352,674,41,1061,197,693,387,196,13,14,27,142
"182",2022-07-01,"RMG NORTHRIDGE MEDICAL",NA,2,3,"Primary Adult",NA,NA,2,2,1,1,"Yes","2",2,1,4125,2,0,897,897,0,NA,0,NA,NA,0,NA,1041,1093,0,0,NA,NA,0,NA,1148,1319,NA,92,380,354,12,195,566,7,1,1,2,11,55,63,732,0,43,510,328,0,0,307,513,18,819,109,748,332,115,12,7,21,75
"183",2022-07-01,"RMG PENN FAIR PC",NA,2,3,"Primary Family",NA,NA,2,2,1,1,"Yes","1 RN:2 Sites",2,1,4125,2,0,1004,1004,0,NA,121,NA,NA,165,NA,779,1199,0,104,NA,NA,0,NA,1253,1427,NA,219,393,279,13,33,753,15,0,0,1,27,75,28,751,0,125,567,337,0,0,457,437,10,876,142,373,158,138,13,7,23,95
"184",2022-07-01,"RMG REFUGEE HEALTH",NA,3,4,"Primary Family",NA,NA,2,2,1,1,"Yes","1",2,1,4125,2,0,484,484,0,NA,0,NA,NA,147,NA,270,877,44,0,NA,NA,197,NA,835,1535,NA,201,189,48,3,12,7,170,0,0,0,29,225,14,331,0,98,257,186,0,0,64,361,18,447,34,292,66,124,10,9,12,93
"185",2022-07-01,"RMG RIDGEWAY FAMILY",NA,2,3,"Primary Family",NA,NA,2,2,1,1,"Yes","1 RN:2 Sites",2,1,4125,2,0,415,415,0,NA,0,NA,NA,0,NA,445,502,0,0,NA,NA,0,NA,793,649,NA,106,163,127,7,56,309,7,0,1,0,8,22,25,320,0,58,229,174,0,0,171,222,10,403,43,378,204,68,5,3,7,53
"186",2022-07-01,"RMG SODUS INT MED",NA,1,3,"Primary Adult",NA,NA,2,2,1,1,"Yes","1 RN:2 Sites",2,1,4125,2,0,280,280,0,NA,78,NA,NA,94,NA,238,387,0,135,NA,NA,0,NA,209,324,NA,33,122,97,7,17,232,1,0,0,0,3,6,8,243,0,8,133,126,0,0,86,166,7,273,15,98,49,44,5,5,14,20
"187",2022-07-01,"RMG WILLIAMSON FAMILY",NA,1,3,"Primary Family",NA,NA,2,2,1,1,"Yes","1 RN:2 Sites",2,1,4125,2,0,603,603,0,NA,0,NA,NA,191,NA,348,377,0,0,NA,NA,218,NA,752,432,NA,122,233,206,12,26,523,2,0,0,2,5,15,17,532,0,24,331,242,0,0,207,353,13,565,62,221,72,113,5,7,26,75
"188",2022-07-01,"RMG WOLCOTT INT MED",NA,1,4,"Primary Adult",NA,NA,2,2,1,1,"Yes","1 RN:2 Sites",2,1,4125,2,0,886,886,0,NA,0,NA,NA,8,NA,558,520,0,0,NA,NA,0,NA,835,728,NA,179,348,242,13,9,734,2,0,0,2,10,26,16,714,0,53,463,320,0,0,266,472,45,781,135,266,139,144,18,11,22,93
"189",2022-07-01,"RRH FAM & LIFE MED CAN",NA,2,3,"Primary Family",NA,NA,2,2,1,1,"Yes","1 RN:2 Sites",2,1,4125,2,0,363,363,0,NA,0,NA,NA,150,NA,179,286,0,0,NA,NA,218,NA,209,216,NA,71,155,90,4,1,293,1,0,0,0,5,22,5,271,0,46,235,87,0,0,174,143,5,316,17,200,97,47,4,1,6,36
"190",2022-07-01,"RRH FAMILY MED AT RIT",NA,2,3,"Primary Family",NA,NA,2,2,1,1,"Yes","1",2,1,4125,2,0,518,518,0,NA,43,NA,NA,0,NA,345,542,0,69,NA,NA,0,NA,418,670,NA,192,215,62,0,23,352,24,0,0,1,21,48,17,392,0,60,245,224,0,0,364,101,4,326,84,200,78,46,3,5,4,34
"191",2022-07-01,"RRH PC HENRIETTA",NA,2,3,"Primary Family",NA,NA,2,2,1,1,"Yes","1 RN:2 Sites",2,1,4125,2,0,1064,1064,0,NA,0,NA,NA,188,NA,577,652,0,0,NA,NA,218,NA,626,1524,NA,217,409,323,28,51,705,52,0,1,0,38,130,27,758,0,192,543,434,0,0,475,491,11,939,202,208,86,125,10,11,19,85
"192",2022-07-01,"UHS FACULTY PARTNERS",NA,2,3,"Primary Adult",NA,NA,2,2,1,1,"Yes","2",2,1,4125,2,0,476,476,0,NA,0,NA,NA,183,NA,324,748,0,0,NA,NA,0,NA,1044,1031,NA,74,174,177,7,70,302,6,0,0,0,13,41,25,337,0,70,221,211,0,0,134,289,9,422,85,504,253,59,5,2,6,46
"193",2022-07-01,"UHS IM AT RIDGEWAY",NA,2,3,"Primary Adult",NA,NA,2,2,1,1,"Yes","1 RN:2 Sites",2,1,4125,2,0,1267,1267,0,NA,0,NA,NA,377,NA,885,1158,0,0,NA,NA,874,NA,1107,1110,NA,191,446,521,31,129,909,11,0,0,1,24,115,46,922,0,221,735,454,0,0,434,732,23,10,1,352,177,61,10,5,10,36
"194",2022-07-01,"UMG FM @ COUNTRY VLLGE",NA,2,3,"Primary Family",NA,NA,2,2,1,1,"Yes","1 RN:2 Sites",2,1,4125,2,0,956,956,0,NA,0,NA,NA,0,NA,829,1073,0,0,NA,NA,0,NA,626,1326,NA,173,306,215,6,49,581,8,1,0,0,16,45,30,571,0,99,457,243,0,0,338,347,15,668,107,754,354,67,6,5,6,50
"195",2022-07-01,"UMG FM @ ORCHARD ST",NA,3,4,"Primary Family",NA,NA,2,2,1,1,"Yes","1 RN:2 Sites",2,1,4125,2,0,625,625,0,NA,0,NA,NA,193,NA,368,591,0,0,NA,NA,0,NA,418,865,NA,201,223,74,0,224,101,9,0,0,1,28,135,138,304,0,56,333,165,0,0,119,358,21,483,54,607,321,56,10,3,12,31
"196",2022-07-01,"UMG FM AT BROCKPORT",NA,2,3,"Primary Family",NA,NA,2,2,1,1,"Yes","1 RN:2 Sites",2,1,4125,2,0,889,889,0,NA,0,NA,NA,0,NA,831,852,0,0,NA,NA,0,NA,1044,1089,NA,216,349,235,3,15,743,4,0,0,1,14,28,18,727,0,60,507,298,0,0,382,409,14,797,106,305,147,101,6,8,13,74
"197",2022-07-01,"UMG FM AT CHILI CTR",NA,2,3,"Primary Family",NA,NA,2,2,1,1,"Yes","1",2,1,4125,2,0,1174,1174,0,NA,0,NA,NA,507,NA,202,968,80,0,NA,NA,633,NA,919,1340,NA,245,474,343,16,59,961,24,0,0,1,9,26,32,1002,0,46,656,424,0,0,577,484,19,1062,88,933,396,151,7,15,18,111
"198",2022-07-01,"UMG FM AT PARKWAY",NA,2,3,"Primary Family",NA,NA,2,2,1,1,"Yes","1",2,1,4125,2,0,1393,1393,0,NA,0,NA,NA,731,NA,694,1129,0,0,NA,NA,1092,NA,835,1467,NA,331,538,319,12,45,1066,19,1,1,5,27,37,34,1047,0,120,812,389,0,0,632,547,22,1082,134,1174,531,149,6,5,20,118
"199",2022-07-01,"UMG FM AT SPENCERPORT",NA,2,3,"Primary Family",NA,NA,2,2,1,1,"Yes","1 RN:2 Sites",2,1,4125,2,0,1306,1306,0,NA,0,NA,NA,104,NA,920,1144,0,0,NA,NA,109,NA,1253,1319,NA,266,528,385,18,10,1156,4,1,0,2,10,16,25,1091,0,83,733,466,0,0,637,543,19,1065,94,1112,528,196,9,10,44,133
"200",2022-07-01,"UMG FM AT STM",NA,3,4,"Primary Family",NA,NA,2,2,1,1,"Yes","1",2,1,4125,2,0,443,443,0,NA,0,NA,NA,517,NA,359,1045,0,0,NA,NA,437,NA,835,1751,NA,118,206,98,2,282,83,10,0,1,0,19,30,30,363,0,32,265,160,0,0,117,296,12,408,84,307,176,54,7,2,8,37
"201",2022-07-01,"UMG GERIATRIC ASSOC",NA,2,3,"Primary Adult",NA,NA,2,2,1,1,"No","4",2,1,4125,2,0,1306,1249,57,NA,310,NA,NA,0,NA,1494,2142,0,417,NA,NA,0,NA,1670,2526,NA,0,151,827,167,66,980,10,0,0,2,15,72,14,923,0,208,757,388,0,0,106,1027,12,1130,219,982,419,203,16,17,29,141
"202",2022-07-01,"UMG IM AT CORNERSTONE",NA,2,3,"Primary Adult",NA,NA,2,2,1,1,"Yes","1 RN:2 Sites",2,1,4125,2,0,1366,1366,0,NA,0,NA,NA,212,NA,481,651,0,0,NA,NA,437,NA,940,865,NA,251,533,413,26,250,780,34,1,5,3,29,121,57,990,0,176,744,479,0,0,482,715,26,1211,226,401,200,186,15,10,32,129
"203",2022-07-01,"UMG IM AT PARKRIDGE",NA,2,3,"Primary Adult",NA,NA,2,2,1,1,"Yes","2",2,1,4125,2,0,1007,1007,0,NA,0,NA,NA,725,NA,527,1092,0,0,NA,NA,874,NA,418,1103,NA,103,395,437,34,100,774,12,0,2,3,32,46,34,794,0,141,483,486,0,0,327,621,21,948,132,1112,507,241,12,15,34,180
"204",2022-07-01,"UMMC BATAVIA IM",NA,1,3,"Primary Adult",NA,NA,2,2,1,1,"Yes","1",2,1,4125,2,0,742,742,0,NA,178,NA,NA,611,NA,368,660,0,410,NA,NA,436,NA,541,231,NA,45,258,350,39,20,638,3,0,0,3,11,17,10,648,0,34,363,329,0,0,208,464,20,685,80,326,133,156,3,13,15,125
"205",2022-07-01,"UMMC FM @ ATTICA",NA,1,3,"Primary Family",NA,NA,2,2,1,1,"Yes","1",2,1,4125,2,0,157,157,0,NA,0,NA,NA,183,NA,196,309,0,0,NA,NA,218,NA,0,314,NA,22,72,51,2,1,140,2,1,0,0,2,1,0,145,0,2,73,74,0,0,73,73,1,142,3,163,78,53,0,1,1,51
"206",2022-07-01,"UMMC FM @ BERGEN",NA,1,3,"Primary Family",NA,NA,2,2,1,1,"Yes","1",2,1,4125,2,0,664,664,0,NA,75,NA,NA,16,NA,229,479,0,209,NA,NA,146,NA,420,231,NA,110,149,128,7,2,369,0,0,1,2,4,16,5,358,0,31,242,152,0,0,211,171,12,368,28,349,148,97,2,2,9,84
"207",2022-07-01,"UMMC PC @ LEROY",NA,1,3,"Primary Family",NA,NA,2,2,1,1,"Yes","1",2,1,4125,2,0,700,700,0,NA,87,NA,NA,301,NA,201,617,0,98,NA,NA,425,NA,542,446,NA,70,211,152,6,14,406,1,0,0,1,4,13,10,404,0,25,222,217,0,0,181,245,13,441,45,184,100,117,8,3,11,95
"208",2022-07-01,"UMMC PC BATAVIA",NA,1,3,"Primary Family",NA,NA,2,2,1,1,"Yes","1",2,1,4125,2,0,1262,1262,0,NA,382,NA,NA,1066,NA,313,1039,0,417,NA,NA,1531,NA,731,223,NA,321,525,277,10,51,1020,5,0,0,5,13,40,34,1055,0,45,637,497,0,0,477,611,46,1124,141,633,318,177,21,9,24,123
"209",2022-07-01,"WNY CANISTEO VALLEY FP",NA,1,3,"Primary Family",NA,NA,2,2,1,1,"Yes","1 RN:2 Sites",2,1,4125,2,0,665,665,0,NA,353,NA,NA,214,NA,670,1786,0,417,NA,NA,218,NA,940,2091,NA,167,265,149,6,3,567,1,0,0,0,4,12,3,544,0,40,374,213,0,0,252,315,20,576,69,513,245,80,19,7,10,44
"210",2022-07-01,"WNY CLIFTON SPRINGS IM",NA,1,3,"Primary Adult",NA,NA,2,2,1,1,"Yes","1 RN:2 Sites",2,1,4125,2,0,398,398,0,NA,0,NA,NA,151,NA,132,388,0,0,NA,NA,218,NA,209,216,NA,44,109,213,10,4,363,0,0,0,1,3,5,2,339,0,35,213,163,0,0,121,242,13,377,73,461,229,53,5,10,8,30
"211",2022-07-01,"WNY FAM MED ALFRED",NA,1,3,"Primary Family",NA,NA,2,2,1,1,"Yes","1 RN:2 Sites",2,1,4125,2,0,432,432,0,NA,0,NA,NA,0,NA,447,557,0,0,NA,NA,0,NA,313,670,NA,59,173,159,9,3,389,3,0,0,0,4,1,1,386,0,13,223,177,0,0,176,220,4,414,66,430,208,57,9,7,6,35
"212",2022-07-01,"WNY FAM MED HORNELL",NA,1,3,"Primary Family",NA,NA,2,2,1,1,"Yes","1 RN:2 Sites",2,1,4125,2,0,211,211,0,NA,0,NA,NA,0,NA,213,428,0,0,NA,NA,0,NA,313,0,NA,24,92,86,7,2,198,0,0,0,1,7,1,1,201,0,7,122,87,0,0,83,124,2,226,28,233,107,28,1,3,8,16
"213",2022-07-01,"WNY FARMINGTON FAM PRC",NA,1,3,"Primary Family",NA,NA,2,2,1,1,"Yes","1 RN:2 Sites",2,1,4125,2,0,532,532,0,NA,0,NA,NA,87,NA,313,629,0,0,NA,NA,146,NA,418,454,NA,117,221,152,5,6,449,6,1,1,1,5,27,2,417,0,77,319,177,0,0,249,241,6,474,69,312,151,64,4,6,10,44
"214",2022-07-01,"WNY GENEVA FAMILY MED",NA,1,3,"Primary Family",NA,NA,2,2,1,1,"Yes","1",2,1,4125,2,0,274,274,0,NA,0,NA,NA,0,NA,397,787,0,0,NA,NA,0,NA,418,432,NA,47,97,89,4,17,203,2,0,0,0,5,10,7,205,0,25,129,108,0,0,94,132,11,244,63,286,124,31,4,3,8,16
"215",2022-07-01,"WNY HONEOYE VALLEY FP",NA,1,3,"Primary Family",NA,NA,2,2,1,1,"Yes","1",2,1,4125,2,0,1142,1142,0,NA,177,NA,NA,127,NA,384,980,80,208,NA,NA,437,NA,1253,1672,NA,201,419,386,9,4,928,4,0,0,2,18,62,8,904,0,106,590,428,0,0,517,487,14,987,229,941,363,134,8,8,28,90
"216",2022-07-01,"WNY IM @ FLMA GENEVA",NA,1,3,"Primary Adult",NA,NA,2,2,1,1,"Yes","1 RN:2 Sites",2,1,4125,2,0,1787,1659,128,NA,365,NA,NA,210,NA,391,1892,0,812,NA,NA,874,NA,1034,2832,NA,269,457,565,48,54,1188,13,1,0,0,10,74,42,1200,0,98,746,594,0,0,504,808,28,1252,205,817,367,254,7,12,22,213
"217",2022-07-01,"WNY IM AT PARNALL",NA,3,3,"Primary Adult",NA,NA,2,2,1,1,"Yes","1 RN:2 Sites",2,1,4125,2,0,265,265,0,NA,0,NA,NA,0,NA,386,452,0,0,NA,NA,0,NA,418,432,NA,20,94,127,13,21,210,1,0,0,0,4,18,9,221,0,24,127,127,0,0,81,171,2,247,64,268,122,92,5,7,8,72
"218",2022-07-01,"WNY IM CLINTON XING",NA,2,3,"Primary Adult",NA,NA,2,2,1,1,"Yes","1 RN:2 Sites",2,1,4125,2,0,1129,1129,0,NA,10,NA,NA,327,NA,491,989,55,69,NA,NA,437,NA,438,1103,NA,295,493,275,5,131,701,28,1,0,1,44,163,47,786,0,236,561,508,0,0,584,463,22,1006,98,840,391,110,12,7,15,76
"219",2022-07-01,"WNY INT MED @ LINDEN",NA,2,3,"Primary Adult",NA,NA,2,2,1,1,"Yes","1 RN:2 Sites",2,1,4125,2,0,726,726,0,NA,0,NA,NA,351,NA,203,675,0,0,NA,NA,437,NA,418,865,NA,88,282,302,11,66,531,6,0,1,1,18,60,13,578,0,92,323,360,0,0,308,366,9,673,84,465,189,116,7,6,23,80
"220",2022-07-01,"WNY INT MED PERINTON",NA,2,3,"Primary Adult",NA,NA,2,2,1,1,"Yes","1 RN:2 Sites",2,1,4125,2,0,703,703,0,NA,0,NA,NA,64,NA,124,453,0,0,NA,NA,73,NA,418,649,NA,144,288,205,12,15,537,16,0,0,0,20,61,14,518,0,117,370,279,0,0,336,303,10,614,69,582,230,69,6,4,10,49
"221",2022-07-01,"WNY MED ASSOC @ LINDEN",NA,2,3,"Primary Adult",NA,NA,2,2,1,1,"Yes","1 RN:2 Sites",2,1,4125,2,0,743,743,0,NA,0,NA,NA,44,NA,598,581,0,0,NA,NA,73,NA,626,865,NA,83,268,300,15,33,568,10,0,0,1,14,40,13,564,0,89,426,240,0,0,300,359,7,635,73,649,249,120,5,9,18,88
"222",2022-07-01,"WNY MEDINA FM",NA,1,3,"Primary Family",NA,NA,2,2,1,1,"Yes","1",2,1,4125,2,0,307,307,0,NA,158,NA,NA,0,NA,0,302,0,208,NA,NA,0,NA,0,454,NA,84,127,73,0,9,263,3,0,0,1,3,5,13,264,0,7,187,97,0,0,134,146,4,275,11,185,105,44,2,1,7,34
"223",2022-07-01,"WNY PC @ FLMA PENN YAN",NA,1,3,"Primary Family",NA,NA,2,2,1,1,"Yes","1 RN:2 Sites",2,1,4125,2,0,375,375,0,NA,0,NA,NA,122,NA,415,583,0,0,NA,NA,180,NA,418,649,NA,95,132,110,2,0,300,0,0,0,0,4,37,3,294,0,44,215,126,0,0,135,195,11,334,41,77,38,53,6,5,8,34
"224",2022-07-01,"RMG OPD/TWIG AT RHC",NA,3,4,"Primary Adult",NA,NA,2,2,1,1,"Yes","2 RN:1 Sites",2,1,4125,2,0,2738,2731,7,NA,191,NA,NA,800,NA,1747,2074,0,1167,NA,NA,874,NA,2631,3344,NA,578,1055,530,15,731,687,30,1,10,2,82,635,694,1370,0,114,1324,853,0,1,551,1579,48,2202,660,1311,662,489,71,36,61,321
"225",2022-08-01,"CMG CANAL PARK F.M.",NA,1,3,"Primary Family",NA,NA,2,2,1,1,"Yes","2",2,1,4125,2,0,683,683,0,NA,0,NA,NA,6,NA,482,847,0,0,NA,NA,0,NA,626,1103,NA,127,259,225,5,7,580,1,1,0,2,7,19,14,563,0,40,345,272,0,0,243,360,14,620,166,354,168,97,10,13,12,62
"226",2022-08-01,"CMG HEALTH FIRST F.M.",NA,1,3,"Primary Family",NA,NA,2,2,1,1,"Yes","1 RN:2 Sites",2,1,4125,2,0,657,657,0,NA,0,NA,NA,0,NA,362,629,0,0,NA,NA,0,NA,418,670,NA,93,156,128,2,9,351,0,0,2,2,3,12,7,356,0,16,205,174,0,0,134,233,12,390,24,464,221,102,5,4,10,83
"227",2022-08-01,"CMG NEWARK F.M.",NA,1,3,"Primary Family",NA,NA,2,2,1,1,"Yes","1 RN:2 Sites",2,1,4125,2,0,554,554,0,NA,0,NA,NA,0,NA,257,421,0,0,NA,NA,0,NA,313,432,NA,57,152,104,1,14,284,1,0,0,0,4,11,13,295,0,6,198,116,0,0,106,199,9,336,26,441,223,88,1,2,8,77
"228",2022-08-01,"RGH FM AT WILSON",NA,3,3,"Primary Family",NA,NA,2,2,1,1,"Yes","1 RN:2 Sites",2,1,4125,2,0,626,626,0,NA,0,NA,NA,7,NA,606,442,586,0,NA,NA,73,NA,418,432,NA,196,228,98,2,109,304,13,1,0,0,20,78,68,404,0,53,300,225,0,0,186,332,7,518,58,479,219,112,7,7,12,86
"229",2022-08-01,"RGH INT MED WILSON",NA,3,3,"Primary Adult",NA,NA,2,2,1,1,"Yes","1 RN:2 Sites",2,1,4125,2,0,2141,2141,0,NA,416,NA,NA,696,NA,530,1864,0,937,NA,NA,1048,NA,1253,1968,NA,381,903,570,30,661,672,34,2,3,3,106,403,466,1312,0,106,1092,791,0,1,597,1239,48,1871,457,1096,599,353,23,33,49,248
"230",2022-08-01,"RMG BAY CREEK MEDICAL",NA,2,3,"Primary Adult",NA,NA,2,2,1,1,"Yes","1",2,1,4125,2,0,1990,1990,0,NA,35,NA,NA,156,NA,1227,1516,209,104,NA,NA,0,NA,2067,1903,NA,284,682,722,58,52,1570,9,2,0,4,33,76,53,1568,0,125,950,796,0,0,844,876,26,1686,252,663,242,289,8,23,45,213
"231",2022-08-01,"RMG CLINTON FAMILY",NA,3,4,"Primary Family",NA,NA,2,2,1,1,"Yes","1 RN:2 Sites",2,1,4125,2,0,1272,1272,0,NA,0,NA,NA,444,NA,674,958,0,0,NA,NA,437,NA,814,1103,NA,310,526,191,4,103,215,18,1,2,3,50,641,720,252,0,61,661,372,0,0,175,836,22,1021,212,449,174,207,23,12,21,151
"232",2022-08-01,"RMG GANANDA FAMILY",NA,1,3,"Primary Family",NA,NA,2,2,1,1,"Yes","2",2,1,4125,2,0,538,538,0,NA,0,NA,NA,174,NA,544,524,0,0,NA,NA,0,NA,418,670,NA,186,199,126,6,6,462,5,0,0,1,16,30,12,462,0,46,357,163,0,0,298,215,7,520,75,209,99,110,3,8,10,89
"233",2022-08-01,"RMG GIM AT ALEXANDER",NA,3,4,"Primary Adult",NA,NA,2,2,1,1,"Yes","1",2,1,4125,2,0,1530,1530,0,NA,0,NA,NA,345,NA,726,1235,0,0,NA,NA,874,NA,1776,2138,NA,352,669,336,7,650,404,53,0,2,3,50,202,184,1080,0,100,821,543,0,0,369,956,39,1343,392,1290,657,309,25,17,33,234
"234",2022-08-01,"RMG LINDEN MEDICAL GRP",NA,2,3,"Primary Adult",NA,NA,2,2,1,1,"Yes","1 RN:2 Sites",2,1,4125,2,0,1837,1837,0,NA,0,NA,NA,209,NA,1130,1388,0,0,NA,NA,218,NA,1670,2033,NA,245,628,755,53,44,1521,20,3,0,4,25,64,21,1461,0,199,1016,665,0,0,770,879,32,1656,109,1440,576,200,9,9,36,146
"235",2022-08-01,"RMG LONG POND INT MED",NA,2,3,"Primary Adult",NA,NA,2,2,1,1,"Yes","1 RN:2 Sites",2,1,4125,2,0,1420,1420,0,NA,0,NA,NA,405,NA,1155,1026,0,0,NA,NA,437,NA,1253,1773,NA,220,520,518,18,95,1089,12,0,0,2,26,52,35,1077,0,164,872,404,0,0,551,706,19,1238,172,750,369,165,10,17,31,107
"236",2022-08-01,"RMG LYONS HEALTH CENTER",NA,1,3,"Primary Adult",NA,NA,2,2,1,1,"Yes","2",2,1,4125,2,0,562,562,0,NA,0,NA,NA,8,NA,384,487,0,0,NA,NA,0,NA,418,649,NA,129,221,156,16,30,450,0,0,0,1,15,26,30,478,0,14,274,248,0,0,207,297,18,534,84,336,176,57,7,8,9,33
"237",2022-08-01,"RMG NEWARK INT MED",NA,1,4,"Primary Adult",NA,NA,2,2,1,1,"Yes","1 RN:2 Sites",2,1,4125,2,0,1246,1246,0,NA,0,NA,NA,65,NA,734,872,0,0,NA,NA,146,NA,1462,1514,NA,210,450,479,40,58,1050,10,0,1,1,19,40,49,1096,0,34,704,475,0,0,365,771,43,1164,176,727,384,253,20,9,31,193
"238",2022-08-01,"RMG NORTHRIDGE MEDICAL",NA,2,3,"Primary Adult",NA,NA,2,2,1,1,"Yes","2",2,1,4125,2,0,1093,1093,0,NA,0,NA,NA,0,NA,985,901,0,0,NA,NA,0,NA,1148,1160,NA,111,422,440,26,209,710,8,1,1,0,14,56,61,876,0,62,587,412,0,0,367,615,17,988,124,921,375,142,7,9,31,95
"239",2022-08-01,"RMG PENN FAIR PC",NA,2,3,"Primary Family",NA,NA,2,2,1,1,"Yes","1 RN:2 Sites",2,1,4125,2,0,1115,1115,0,NA,43,NA,NA,195,NA,538,1049,96,35,NA,NA,0,NA,1253,1427,NA,235,429,305,21,38,836,22,3,0,1,27,64,25,860,0,106,635,356,0,0,460,506,25,950,149,579,235,161,12,6,24,119
"240",2022-08-01,"RMG REFUGEE HEALTH",NA,3,4,"Primary Family",NA,NA,2,2,1,1,"Yes","1",2,1,4125,2,0,475,475,0,NA,0,NA,NA,154,NA,269,1174,105,0,NA,NA,197,NA,835,1535,NA,177,175,49,1,20,9,157,0,0,0,22,195,18,288,0,97,224,179,0,0,55,333,15,404,47,342,87,82,5,4,9,64
"241",2022-08-01,"RMG RIDGEWAY FAMILY",NA,2,3,"Primary Family",NA,NA,2,2,1,1,"Yes","1 RN:2 Sites",2,1,4125,2,0,637,637,0,NA,0,NA,NA,4,NA,321,453,0,0,NA,NA,146,NA,793,649,NA,159,265,175,6,86,439,8,0,0,1,28,43,48,476,0,81,370,235,0,0,264,332,9,610,69,601,312,93,9,2,8,74
"242",2022-08-01,"RMG SODUS INT MED",NA,1,3,"Primary Adult",NA,NA,2,2,1,1,"Yes","1 RN:2 Sites",2,1,4125,2,0,369,369,0,NA,126,NA,NA,26,NA,187,391,0,135,NA,NA,0,NA,209,324,NA,31,145,152,5,31,277,4,0,0,0,8,13,5,313,0,15,169,164,0,0,105,214,14,345,19,124,54,67,3,7,20,37
"243",2022-08-01,"RMG WILLIAMSON FAMILY",NA,1,3,"Primary Family",NA,NA,2,2,1,1,"Yes","1 RN:2 Sites",2,1,4125,2,0,585,585,0,NA,0,NA,NA,163,NA,197,205,0,0,NA,NA,218,NA,752,432,NA,126,225,207,11,20,515,2,1,0,1,12,18,9,525,0,35,319,250,0,0,210,341,18,567,52,272,79,110,9,6,20,75
"244",2022-08-01,"RMG WOLCOTT INT MED",NA,1,4,"Primary Adult",NA,NA,2,2,1,1,"Yes","1 RN:2 Sites",2,1,4125,2,0,1032,1032,0,NA,0,NA,NA,0,NA,530,557,0,0,NA,NA,0,NA,835,728,NA,232,374,230,18,9,801,2,0,0,5,12,26,15,791,0,49,492,363,0,0,329,492,34,859,119,319,139,130,8,7,21,94
"245",2022-08-01,"RRH FAM & LIFE MED CAN",NA,2,3,"Primary Family",NA,NA,2,2,1,1,"Yes","1 RN:2 Sites",2,1,4125,2,0,387,387,0,NA,0,NA,NA,165,NA,228,141,0,0,NA,NA,218,NA,209,144,NA,91,154,91,3,4,302,3,0,0,0,7,24,8,288,0,44,239,101,0,0,180,157,3,338,30,242,104,48,3,1,4,40
"246",2022-08-01,"RRH FAMILY MED AT RIT",NA,2,3,"Primary Family",NA,NA,2,2,1,1,"Yes","1",2,1,4125,2,0,516,516,0,NA,0,NA,NA,0,NA,335,424,0,0,NA,NA,0,NA,418,670,NA,191,206,56,0,16,349,11,0,1,0,24,53,19,372,0,63,220,234,0,0,358,92,4,332,78,186,71,44,1,4,4,35
"247",2022-08-01,"RRH PC HENRIETTA",NA,2,3,"Primary Family",NA,NA,2,2,1,1,"Yes","1 RN:2 Sites",2,1,4125,2,0,1212,1212,0,NA,0,NA,NA,224,NA,575,722,0,0,NA,NA,218,NA,626,1524,NA,297,448,354,19,57,796,59,1,1,0,46,158,39,858,0,221,627,491,0,0,543,549,26,1070,229,238,122,142,12,6,20,104
"248",2022-08-01,"UHS FACULTY PARTNERS",NA,2,3,"Primary Adult",NA,NA,2,2,1,1,"Yes","2",2,1,4125,2,0,683,683,0,NA,0,NA,NA,111,NA,140,1243,183,0,NA,NA,0,NA,1044,1323,NA,138,258,214,6,109,404,13,0,1,0,21,68,33,496,0,87,314,302,0,0,219,378,19,615,115,604,312,97,12,8,16,61
"249",2022-08-01,"UHS IM AT RIDGEWAY",NA,2,3,"Primary Adult",NA,NA,2,2,1,1,"Yes","1 RN:2 Sites",2,1,4125,2,0,1447,1447,0,NA,0,NA,NA,22,NA,929,1125,0,0,NA,NA,291,NA,1107,1110,NA,203,565,534,31,134,992,21,0,0,1,40,145,49,1001,0,283,774,559,0,0,562,744,27,16,2,446,205,82,2,11,18,51
"250",2022-08-01,"UMG FM @ COUNTRY VLLGE",NA,2,3,"Primary Family",NA,NA,2,2,1,1,"Yes","1 RN:2 Sites",2,1,4125,2,0,1072,1072,0,NA,0,NA,NA,0,NA,818,1053,0,0,NA,NA,0,NA,626,1326,NA,177,363,208,7,67,624,7,1,0,0,13,44,31,623,0,102,494,262,0,0,378,361,17,731,118,787,397,88,7,10,14,57
"251",2022-08-01,"UMG FM @ ORCHARD ST",NA,3,4,"Primary Family",NA,NA,2,2,1,1,"Yes","1 RN:2 Sites",2,1,4125,2,0,666,666,0,NA,0,NA,NA,81,NA,343,588,0,0,NA,NA,0,NA,418,865,NA,215,255,77,0,242,116,13,1,1,1,35,139,141,346,0,61,340,208,0,0,138,393,17,528,67,644,325,64,11,6,12,35
"252",2022-08-01,"UMG FM AT BROCKPORT",NA,2,3,"Primary Family",NA,NA,2,2,1,1,"Yes","1 RN:2 Sites",2,1,4125,2,0,1015,1015,0,NA,0,NA,NA,0,NA,848,1010,0,0,NA,NA,0,NA,1044,1089,NA,260,402,234,4,22,823,5,0,1,1,16,35,18,814,0,71,553,349,1,0,430,447,26,901,135,361,158,112,7,7,22,76
"253",2022-08-01,"UMG FM AT CHILI CTR",NA,2,3,"Primary Family",NA,NA,2,2,1,1,"Yes","1",2,1,4125,2,0,1202,1202,0,NA,0,NA,NA,591,NA,131,1087,425,0,NA,NA,633,NA,919,1340,NA,281,480,329,15,75,981,19,0,0,2,14,18,36,1026,0,47,651,458,0,0,587,488,34,1090,93,1054,478,150,11,7,26,106
"254",2022-08-01,"UMG FM AT PARKWAY",NA,2,3,"Primary Family",NA,NA,2,2,1,1,"Yes","1",2,1,4125,2,0,1676,1676,0,NA,0,NA,NA,414,NA,715,1240,0,0,NA,NA,1092,NA,835,1467,NA,386,604,323,11,53,1192,13,0,0,6,29,31,44,1149,0,131,885,439,0,0,687,614,23,1197,190,1123,539,187,10,9,21,147
"255",2022-08-01,"UMG FM AT SPENCERPORT",NA,2,3,"Primary Family",NA,NA,2,2,1,1,"Yes","1 RN:2 Sites",2,1,4125,2,0,1639,1639,0,NA,0,NA,NA,87,NA,698,1211,0,0,NA,NA,109,NA,1253,1319,NA,337,668,454,17,19,1427,5,0,0,2,13,16,30,1347,0,105,910,572,0,0,775,684,23,1360,141,1442,645,228,14,6,46,162
"256",2022-08-01,"UMG FM AT STM",NA,3,4,"Primary Family",NA,NA,2,2,1,1,"Yes","1",2,1,4125,2,0,602,602,0,NA,0,NA,NA,565,NA,336,1015,0,0,NA,NA,437,NA,835,1751,NA,137,295,124,6,392,95,11,0,0,0,21,44,39,487,0,37,349,214,0,0,149,394,20,545,104,294,163,90,21,7,8,54
"257",2022-08-01,"UMG GERIATRIC ASSOC",NA,2,3,"Primary Adult",NA,NA,2,2,1,1,"No","4",2,1,4125,2,0,1511,1439,72,NA,428,NA,NA,0,NA,1281,2181,0,417,NA,NA,0,NA,1670,2526,NA,0,171,888,200,57,1094,7,0,1,2,13,85,21,1024,0,214,817,442,0,0,127,1118,14,1262,205,994,373,215,14,15,30,156
"258",2022-08-01,"UMG IM AT CORNERSTONE",NA,2,3,"Primary Adult",NA,NA,2,2,1,1,"Yes","1 RN:2 Sites",2,1,4125,2,0,1333,1333,0,NA,0,NA,NA,215,NA,512,849,0,0,NA,NA,437,NA,940,865,NA,246,541,366,22,238,752,35,0,2,3,26,119,58,942,0,175,669,506,0,0,495,651,29,1161,233,378,177,185,20,10,30,125
"259",2022-08-01,"UMG IM AT PARKRIDGE",NA,2,3,"Primary Adult",NA,NA,2,2,1,1,"Yes","2",2,1,4125,2,0,1252,1252,0,NA,0,NA,NA,792,NA,482,1001,0,0,NA,NA,874,NA,418,1103,NA,131,506,517,37,127,951,20,1,1,4,22,65,46,971,0,174,582,609,0,0,409,751,31,1172,143,1450,629,290,23,12,48,207
"260",2022-08-01,"UMMC BATAVIA IM",NA,1,3,"Primary Adult",NA,NA,2,2,1,1,"Yes","1",2,1,4125,2,0,954,954,0,NA,147,NA,NA,500,NA,381,569,0,410,NA,NA,436,NA,541,231,NA,86,317,430,41,29,795,6,0,0,0,21,23,11,816,0,47,493,381,0,0,282,560,32,881,91,478,207,223,8,10,30,175
"261",2022-08-01,"UMMC FM @ ATTICA",NA,1,3,"Primary Family",NA,NA,2,2,1,1,"Yes","1",2,1,4125,2,0,152,152,0,NA,0,NA,NA,130,NA,0,236,0,0,NA,NA,146,NA,0,247,NA,30,60,52,2,1,135,2,0,0,1,2,3,2,137,0,5,70,74,0,0,67,74,3,154,13,159,78,49,0,2,0,47
"262",2022-08-01,"UMMC FM @ BERGEN",NA,1,3,"Primary Family",NA,NA,2,2,1,1,"Yes","1",2,1,4125,2,0,630,630,0,NA,84,NA,NA,10,NA,248,521,53,209,NA,NA,146,NA,420,231,NA,125,142,132,4,3,383,0,0,1,0,3,13,6,356,0,41,243,160,0,0,217,179,7,394,24,318,139,90,3,4,3,80
"263",2022-08-01,"UMMC PC @ LEROY",NA,1,3,"Primary Family",NA,NA,2,2,1,1,"Yes","1",2,1,4125,2,0,708,708,0,NA,105,NA,NA,238,NA,200,511,0,98,NA,NA,425,NA,542,446,NA,70,194,131,6,14,370,1,0,0,0,3,13,3,369,0,29,186,215,0,0,159,226,16,398,25,262,106,93,4,7,4,78
"264",2022-08-01,"UMMC PC BATAVIA",NA,1,3,"Primary Family",NA,NA,2,2,1,1,"Yes","1",2,1,4125,2,0,1536,1536,0,NA,422,NA,NA,726,NA,373,944,75,417,NA,NA,1531,NA,731,223,NA,387,618,325,16,79,1198,3,1,0,6,17,47,30,1267,0,54,733,618,0,0,552,737,62,1334,160,789,358,192,16,20,17,139
"265",2022-08-01,"WNY CANISTEO VALLEY FP",NA,1,3,"Primary Family",NA,NA,2,2,1,1,"Yes","1 RN:2 Sites",2,1,4125,2,0,679,679,0,NA,394,NA,NA,213,NA,740,1684,0,417,NA,NA,218,NA,940,2091,NA,182,286,153,5,6,577,1,0,0,1,11,31,1,561,0,65,411,216,0,0,276,331,20,621,72,481,208,92,16,9,13,54
"266",2022-08-01,"WNY CLIFTON SPRINGS IM",NA,1,3,"Primary Adult",NA,NA,2,2,1,1,"Yes","1 RN:2 Sites",2,1,4125,2,0,462,462,0,NA,0,NA,NA,151,NA,82,369,0,0,NA,NA,218,NA,139,216,NA,49,120,234,19,5,398,0,0,0,0,9,10,3,382,0,37,214,208,0,0,136,276,10,424,79,560,250,55,3,8,15,29
"267",2022-08-01,"WNY FAM MED ALFRED",NA,1,3,"Primary Family",NA,NA,2,2,1,1,"Yes","1 RN:2 Sites",2,1,4125,2,0,444,444,0,NA,0,NA,NA,0,NA,469,516,0,0,NA,NA,0,NA,313,670,NA,74,161,166,7,5,387,2,0,0,0,10,5,2,382,0,25,205,204,0,0,172,234,3,419,34,444,188,71,5,1,8,57
"268",2022-08-01,"WNY FAM MED HORNELL",NA,1,3,"Primary Family",NA,NA,2,2,1,1,"Yes","1 RN:2 Sites",2,1,4125,2,0,219,219,0,NA,0,NA,NA,0,NA,203,330,0,0,NA,NA,0,NA,313,0,NA,28,98,75,4,2,193,1,0,0,0,7,3,1,198,0,7,105,101,0,0,70,131,5,217,18,231,97,48,3,4,8,33
"269",2022-08-01,"WNY FARMINGTON FAM PRC",NA,1,3,"Primary Family",NA,NA,2,2,1,1,"Yes","1 RN:2 Sites",2,1,4125,2,0,516,516,0,NA,0,NA,NA,29,NA,275,630,0,0,NA,NA,73,NA,418,454,NA,115,197,151,7,7,433,3,0,0,0,5,25,7,397,0,69,289,184,0,0,242,226,5,466,88,254,125,59,9,7,6,37
"270",2022-08-01,"WNY GENEVA FAMILY MED",NA,1,3,"Primary Family",NA,NA,2,2,1,1,"Yes","1",2,1,4125,2,0,326,326,0,NA,0,NA,NA,0,NA,459,801,0,0,NA,NA,0,NA,418,432,NA,50,124,109,5,18,248,0,0,0,0,6,16,13,242,0,33,162,126,0,0,107,174,7,293,83,362,185,38,4,5,8,21
"271",2022-08-01,"WNY HONEOYE VALLEY FP",NA,1,3,"Primary Family",NA,NA,2,2,1,1,"Yes","1",2,1,4125,2,0,1255,1255,0,NA,150,NA,NA,76,NA,477,1189,401,208,NA,NA,218,NA,1253,1593,NA,227,463,418,11,1,1041,4,1,0,1,18,59,13,985,0,127,698,427,0,0,566,543,16,1108,228,1024,381,159,5,13,24,117
"272",2022-08-01,"WNY IM @ FLMA GENEVA",NA,1,3,"Primary Adult",NA,NA,2,2,1,1,"Yes","1 RN:2 Sites",2,1,4125,2,0,1984,1852,132,NA,229,NA,NA,366,NA,355,1810,0,812,NA,NA,874,NA,1034,2832,NA,274,546,615,42,59,1325,9,0,0,1,7,76,54,1318,0,105,828,649,0,0,576,870,31,1411,220,1104,532,290,14,10,16,250
"273",2022-08-01,"WNY IM AT PARNALL",NA,3,3,"Primary Adult",NA,NA,2,2,1,1,"Yes","1 RN:2 Sites",2,1,4125,2,0,303,303,0,NA,0,NA,NA,0,NA,232,374,0,0,NA,NA,0,NA,418,432,NA,35,72,151,16,28,223,0,0,0,1,10,12,13,241,0,20,146,128,0,0,72,196,6,268,66,311,122,86,6,2,10,68
"274",2022-08-01,"WNY IM CLINTON XING",NA,2,3,"Primary Adult",NA,NA,2,2,1,1,"Yes","1 RN:2 Sites",2,1,4125,2,0,1292,1292,0,NA,0,NA,NA,373,NA,509,933,124,0,NA,NA,437,NA,438,1023,NA,289,564,334,8,116,808,20,1,0,3,49,199,72,852,0,272,596,600,0,0,623,556,17,1147,106,926,425,152,5,12,28,107
"275",2022-08-01,"WNY INT MED @ LINDEN",NA,2,3,"Primary Adult",NA,NA,2,2,1,1,"Yes","1 RN:2 Sites",2,1,4125,2,0,732,732,0,NA,0,NA,NA,413,NA,194,469,0,0,NA,NA,437,NA,418,865,NA,89,279,287,14,53,537,9,0,1,1,17,51,14,574,0,81,336,333,0,0,304,358,7,659,100,506,189,122,12,8,20,82
"276",2022-08-01,"WNY INT MED PERINTON",NA,2,3,"Primary Adult",NA,NA,2,2,1,1,"Yes","1 RN:2 Sites",2,1,4125,2,0,884,884,0,NA,0,NA,NA,0,NA,105,920,299,0,NA,NA,0,NA,626,886,NA,185,359,268,8,18,657,32,1,0,0,24,88,11,651,0,158,435,385,0,0,452,360,8,794,105,750,282,105,9,10,15,71
"277",2022-08-01,"WNY MED ASSOC @ LINDEN",NA,2,3,"Primary Adult",NA,NA,2,2,1,1,"Yes","1 RN:2 Sites",2,1,4125,2,0,747,747,0,NA,0,NA,NA,67,NA,373,785,0,0,NA,NA,73,NA,626,865,NA,103,278,287,16,31,595,7,0,0,0,15,36,7,590,0,87,446,238,0,0,349,328,7,659,68,691,253,121,3,6,15,97
"278",2022-08-01,"WNY MEDINA FM",NA,1,3,"Primary Family",NA,NA,2,2,1,1,"Yes","1",2,1,4125,2,0,407,407,0,NA,159,NA,NA,0,NA,60,319,0,208,NA,NA,0,NA,64,454,NA,106,169,73,2,12,327,1,0,0,3,4,4,8,334,0,9,230,121,0,0,165,181,5,340,24,221,106,64,6,3,2,53
"279",2022-08-01,"WNY PC @ FLMA PENN YAN",NA,1,3,"Primary Family",NA,NA,2,2,1,1,"Yes","1 RN:2 Sites",2,1,4125,2,0,351,351,0,NA,0,NA,NA,143,NA,323,597,0,0,NA,NA,180,NA,418,649,NA,93,116,107,7,0,284,1,0,0,0,6,35,7,265,0,54,205,121,0,0,124,197,5,326,28,102,51,51,4,6,9,32
"280",2022-08-01,"RMG OPD/TWIG AT RHC",NA,3,4,"Primary Adult",NA,NA,2,2,1,1,"Yes","2 RN:1 Sites",2,1,4125,2,0,3086,3079,7,NA,186,NA,NA,686,NA,1544,1842,226,1167,NA,NA,874,NA,2631,2624,NA,709,1130,569,27,797,764,50,0,16,3,101,704,756,1551,0,128,1493,941,0,1,639,1735,61,2477,777,1491,792,524,67,29,75,353
"281",2022-09-01,"CMG CANAL PARK F.M.",NA,1,3,"Primary Family",NA,NA,2,2,1,1,"Yes","2",2,1,4125,2,0,701,701,0,NA,0,NA,NA,6,NA,533,951,0,0,NA,NA,0,NA,626,1103,NA,140,297,188,8,4,599,2,0,0,1,6,22,13,570,0,51,357,277,0,0,270,340,24,630,146,364,186,128,10,9,14,95
"282",2022-09-01,"CMG HEALTH FIRST F.M.",NA,1,3,"Primary Family",NA,NA,2,2,1,1,"Yes","1 RN:2 Sites",2,1,4125,2,0,602,602,0,NA,0,NA,NA,0,NA,335,584,0,0,NA,NA,0,NA,418,670,NA,81,144,116,4,12,313,0,0,1,1,5,13,11,315,0,19,190,155,0,0,125,208,12,364,26,464,258,103,5,3,8,87
"283",2022-09-01,"CMG NEWARK F.M.",NA,1,3,"Primary Family",NA,NA,2,2,1,1,"Yes","1 RN:2 Sites",2,1,4125,2,0,558,558,0,NA,0,NA,NA,0,NA,249,467,0,0,NA,NA,0,NA,313,432,NA,49,141,122,3,11,287,1,0,1,1,6,8,10,297,0,8,209,106,0,0,103,202,10,333,27,416,213,99,2,4,8,85
"284",2022-09-01,"RGH FM AT WILSON",NA,3,3,"Primary Family",NA,NA,2,2,1,1,"Yes","1 RN:2 Sites",2,1,4125,2,0,560,560,0,NA,0,NA,NA,0,NA,393,559,445,0,NA,NA,0,NA,835,649,NA,195,216,84,3,94,287,14,0,0,0,18,86,66,364,0,69,296,203,0,0,185,302,12,502,79,346,163,95,6,7,8,74
"285",2022-09-01,"RGH INT MED WILSON",NA,3,3,"Primary Adult",NA,NA,2,2,1,1,"Yes","1 RN:2 Sites",2,1,4125,2,0,2078,2078,0,NA,390,NA,NA,619,NA,540,1779,0,417,NA,NA,1158,NA,1253,1975,NA,326,928,603,36,663,687,41,0,1,1,86,414,442,1339,0,112,1047,846,0,0,622,1227,44,1904,486,1164,603,404,29,23,61,291
"286",2022-09-01,"RMG BAY CREEK MEDICAL",NA,2,3,"Primary Adult",NA,NA,2,2,1,1,"Yes","1",2,1,4125,2,0,1902,1902,0,NA,116,NA,NA,198,NA,1077,1574,327,312,NA,NA,218,NA,2067,1838,NA,259,664,743,44,59,1515,14,2,0,2,32,86,43,1534,0,133,965,745,0,0,785,900,25,1650,298,714,264,267,9,11,32,215
"287",2022-09-01,"RMG CLINTON FAMILY",NA,3,4,"Primary Family",NA,NA,2,2,1,1,"Yes","1 RN:2 Sites",2,1,4125,2,0,1027,1027,0,NA,0,NA,NA,400,NA,611,1027,0,0,NA,NA,437,NA,835,1319,NA,256,473,161,5,78,174,17,0,0,2,47,577,643,201,0,51,560,335,0,0,161,712,22,893,205,407,174,180,20,15,18,127
"288",2022-09-01,"RMG GANANDA FAMILY",NA,1,3,"Primary Family",NA,NA,2,2,1,1,"Yes","2",2,1,4125,2,0,542,542,0,NA,0,NA,NA,215,NA,529,632,0,0,NA,NA,142,NA,418,670,NA,153,206,154,2,9,468,4,0,0,0,11,24,13,457,0,46,332,184,0,0,280,227,9,510,80,199,79,121,6,4,15,96
"289",2022-09-01,"RMG GIM AT ALEXANDER",NA,3,4,"Primary Adult",NA,NA,2,2,1,1,"Yes","1",2,1,4125,2,0,1341,1341,0,NA,0,NA,NA,362,NA,650,1175,31,0,NA,NA,874,NA,1776,2191,NA,290,600,334,5,586,369,47,0,1,1,47,179,174,956,0,100,757,473,0,0,328,871,31,1218,389,1026,554,237,12,12,35,178
"290",2022-09-01,"RMG LINDEN MEDICAL GRP",NA,2,3,"Primary Adult",NA,NA,2,2,1,1,"Yes","1 RN:2 Sites",2,1,4125,2,0,1548,1548,0,NA,0,NA,NA,167,NA,1077,1311,0,0,NA,NA,437,NA,1670,1954,NA,181,558,648,36,17,1322,17,1,1,3,23,39,21,1247,0,155,865,558,0,0,629,774,20,1416,146,1233,479,176,17,11,33,115
"291",2022-09-01,"RMG LONG POND INT MED",NA,2,3,"Primary Adult",NA,NA,2,2,1,1,"Yes","1 RN:2 Sites",2,1,4125,2,0,1403,1403,0,NA,0,NA,NA,407,NA,1098,1157,0,0,NA,NA,437,NA,1253,1773,NA,196,528,511,22,81,1084,11,0,0,0,21,60,48,1051,0,158,866,391,0,0,563,672,22,1232,199,667,323,142,7,10,31,94
"292",2022-09-01,"RMG LYONS HEALTH CENTER",NA,1,3,"Primary Adult",NA,NA,2,2,1,1,"Yes","2",2,1,4125,2,0,501,501,0,NA,0,NA,NA,8,NA,382,462,0,0,NA,NA,0,NA,418,649,NA,95,211,166,12,24,416,2,1,0,0,8,33,36,435,0,13,251,233,0,0,170,298,16,494,70,246,123,63,8,1,17,37
"293",2022-09-01,"RMG NEWARK INT MED",NA,1,4,"Primary Adult",NA,NA,2,2,1,1,"Yes","1 RN:2 Sites",2,1,4125,2,0,1251,1251,0,NA,0,NA,NA,33,NA,828,834,0,0,NA,NA,73,NA,1044,1588,NA,245,482,420,22,63,1012,7,0,0,1,25,63,60,1064,0,47,711,460,0,0,380,741,50,1160,186,951,498,206,13,13,14,166
"294",2022-09-01,"RMG NORTHRIDGE MEDICAL",NA,2,3,"Primary Adult",NA,NA,2,2,1,1,"Yes","2",2,1,4125,2,0,1026,1026,0,NA,0,NA,NA,0,NA,1082,1096,0,0,NA,NA,0,NA,1253,1542,NA,116,406,399,28,200,667,8,1,0,1,21,51,62,837,0,50,578,371,0,0,360,560,29,934,124,813,360,118,10,10,16,82
"295",2022-09-01,"RMG PENN FAIR PC",NA,2,3,"Primary Family",NA,NA,2,2,1,1,"Yes","1 RN:2 Sites",2,1,4125,2,0,796,796,0,NA,NA,NA,NA,NA,NA,NA,NA,NA,NA,NA,NA,NA,NA,NA,NA,NA,236,369,137,2,255,167,9,1,7,0,23,282,299,409,0,36,422,322,0,0,154,573,17,757,284,312,170,164,24,13,16,111
"296",2022-09-01,"RMG REFUGEE HEALTH",NA,3,4,"Primary Family",NA,NA,2,2,1,1,"Yes","1",2,1,4125,2,0,648,648,0,NA,0,NA,NA,185,NA,419,972,157,0,NA,NA,218,NA,835,1103,NA,198,209,53,1,12,6,195,0,0,0,34,215,20,340,0,102,255,207,0,0,73,376,13,467,34,454,120,143,10,4,20,109
"297",2022-09-01,"RMG RIDGEWAY FAMILY",NA,2,3,"Primary Family",NA,NA,2,2,1,1,"Yes","1 RN:2 Sites",2,1,4125,2,0,469,469,0,NA,0,NA,NA,0,NA,377,570,0,0,NA,NA,0,NA,835,865,NA,111,217,123,2,54,356,4,0,2,0,6,31,24,374,0,55,281,172,0,0,203,241,9,475,48,442,236,69,2,1,12,54
"298",2022-09-01,"RMG SODUS INT MED",NA,1,3,"Primary Adult",NA,NA,2,2,1,1,"Yes","1 RN:2 Sites",2,1,4125,2,0,394,394,0,NA,136,NA,NA,94,NA,219,376,0,135,NA,NA,0,NA,209,432,NA,47,172,144,8,27,323,5,0,0,1,4,11,4,356,0,11,200,171,0,0,119,239,13,375,20,108,52,81,4,7,18,52
"299",2022-09-01,"RMG WILLIAMSON FAMILY",NA,1,3,"Primary Family",NA,NA,2,2,1,1,"Yes","1 RN:2 Sites",2,1,4125,2,0,499,499,0,NA,0,NA,NA,168,NA,181,141,0,0,NA,NA,218,NA,752,411,NA,94,193,184,11,17,443,0,0,0,0,4,18,15,441,0,26,250,232,0,0,172,294,16,479,39,191,66,126,7,12,22,85
"300",2022-09-01,"RMG WOLCOTT INT MED",NA,1,4,"Primary Adult",NA,NA,2,2,1,1,"Yes","1 RN:2 Sites",2,1,4125,2,0,982,982,0,NA,0,NA,NA,8,NA,479,715,0,0,NA,NA,0,NA,835,886,NA,225,355,226,19,7,775,0,2,0,2,11,28,18,761,0,46,503,322,0,0,311,464,50,829,97,320,149,130,14,9,15,92
"301",2022-09-01,"RRH FAM & LIFE MED CAN",NA,2,3,"Primary Family",NA,NA,2,2,1,1,"Yes","1 RN:2 Sites",2,1,4125,2,0,638,638,0,NA,0,NA,NA,178,NA,305,324,0,0,NA,NA,218,NA,209,144,NA,116,283,174,11,5,529,7,0,0,0,8,36,13,483,0,89,396,189,0,0,280,291,14,584,74,265,125,90,7,7,12,64
"302",2022-09-01,"RRH FAMILY MED AT RIT",NA,2,3,"Primary Family",NA,NA,2,2,1,1,"Yes","1",2,1,4125,2,0,514,514,0,NA,0,NA,NA,4,NA,324,313,0,0,NA,NA,0,NA,418,670,NA,180,220,60,0,34,341,21,0,0,1,15,49,13,395,0,53,232,229,0,0,363,95,3,350,115,165,82,52,10,2,8,32
"303",2022-09-01,"RRH PC HENRIETTA",NA,2,3,"Primary Family",NA,NA,2,2,1,1,"Yes","1 RN:2 Sites",2,1,4125,2,0,1100,1100,0,NA,0,NA,NA,223,NA,539,886,0,0,NA,NA,218,NA,731,1524,NA,227,438,358,15,48,758,62,0,1,2,27,141,44,810,0,185,552,487,0,0,491,535,13,996,205,243,106,163,7,8,23,125
"304",2022-09-01,"UHS FACULTY PARTNERS",NA,2,3,"Primary Adult",NA,NA,2,2,1,1,"Yes","2",2,1,4125,2,0,573,573,0,NA,0,NA,NA,8,NA,177,1398,195,0,NA,NA,73,NA,1044,1358,NA,96,224,192,8,76,363,12,0,0,4,14,51,29,410,0,81,286,233,0,1,193,316,11,503,117,519,268,73,1,8,9,55
"305",2022-09-01,"UHS IM AT RIDGEWAY",NA,2,3,"Primary Adult",NA,NA,2,2,1,1,"Yes","1 RN:2 Sites",2,1,4125,2,0,1443,1443,0,NA,0,NA,NA,0,NA,945,1330,0,0,NA,NA,0,NA,1107,1110,NA,180,527,609,26,141,1014,24,0,0,0,35,128,41,1035,0,266,807,535,0,0,484,833,25,23,4,461,210,96,5,6,19,66
"306",2022-09-01,"UMG FM @ COUNTRY VLLGE",NA,2,3,"Primary Family",NA,NA,2,2,1,1,"Yes","1 RN:2 Sites",2,1,4125,2,0,1032,1032,0,NA,0,NA,NA,0,NA,669,1091,0,0,NA,NA,0,NA,835,1326,NA,172,286,267,9,47,626,8,1,0,0,15,37,26,600,0,108,467,267,0,0,311,401,22,714,95,790,362,90,5,4,9,72
"307",2022-09-01,"UMG FM @ ORCHARD ST",NA,3,4,"Primary Family",NA,NA,2,2,1,1,"Yes","1 RN:2 Sites",2,1,4125,2,0,655,655,0,NA,0,NA,NA,189,NA,292,533,0,0,NA,NA,218,NA,418,865,NA,216,249,71,0,230,107,13,1,0,1,35,151,146,342,0,50,359,179,0,0,122,401,15,524,55,602,328,63,15,4,11,33
"308",2022-09-01,"UMG FM AT BROCKPORT",NA,2,3,"Primary Family",NA,NA,2,2,1,1,"Yes","1 RN:2 Sites",2,1,4125,2,0,957,957,0,NA,0,NA,NA,0,NA,932,990,0,0,NA,NA,0,NA,1044,1089,NA,232,345,255,4,24,765,3,0,0,2,21,26,16,745,0,80,532,309,0,0,376,449,16,842,120,293,148,92,5,10,13,64
"309",2022-09-01,"UMG FM AT CHILI CTR",NA,2,3,"Primary Family",NA,NA,2,2,1,1,"Yes","1",2,1,4125,2,0,1267,1267,0,NA,0,NA,NA,598,NA,161,974,407,0,NA,NA,633,NA,919,1564,NA,297,503,349,16,68,1030,24,1,0,2,12,29,37,1076,0,53,690,476,0,0,606,537,23,1158,140,1073,522,183,10,17,18,138
"310",2022-09-01,"UMG FM AT PARKWAY",NA,2,3,"Primary Family",NA,NA,2,2,1,1,"Yes","1",2,1,4125,2,0,1554,1554,0,NA,0,NA,NA,442,NA,791,1296,0,0,NA,NA,874,NA,835,1467,NA,314,609,340,10,57,1142,15,1,1,1,25,32,45,1106,0,123,839,435,0,0,665,588,21,1188,215,861,426,180,9,8,27,136
"311",2022-09-01,"UMG FM AT SPENCERPORT",NA,2,3,"Primary Family",NA,NA,2,2,1,1,"Yes","1 RN:2 Sites",2,1,4125,2,0,1496,1496,0,NA,0,NA,NA,114,NA,788,1231,0,0,NA,NA,109,NA,1253,1319,NA,309,621,435,14,18,1326,5,0,0,0,19,14,17,1260,0,105,870,512,0,0,735,621,26,1277,107,1214,558,198,9,11,32,146
"312",2022-09-01,"UMG FM AT STM",NA,3,4,"Primary Family",NA,NA,2,2,1,1,"Yes","1",2,1,4125,2,0,649,649,0,NA,0,NA,NA,614,NA,241,906,0,0,NA,NA,655,NA,418,1103,NA,155,306,148,1,447,89,9,0,0,3,15,47,42,520,0,48,385,225,0,0,148,441,21,601,108,459,257,101,14,10,7,70
"313",2022-09-01,"UMG GERIATRIC ASSOC",NA,2,3,"Primary Adult",NA,NA,2,2,1,1,"No","4",2,1,4125,2,0,1541,1473,68,NA,404,NA,NA,83,NA,1319,2139,0,417,NA,NA,146,NA,2088,2260,NA,0,175,965,187,66,1136,9,0,0,0,22,94,26,1073,0,228,863,464,0,0,129,1186,12,1311,217,1209,463,239,14,16,35,174
"314",2022-09-01,"UMG IM AT CORNERSTONE",NA,2,3,"Primary Adult",NA,NA,2,2,1,1,"Yes","1 RN:2 Sites",2,1,4125,2,0,1441,1441,0,NA,0,NA,NA,193,NA,517,680,0,0,NA,NA,218,NA,940,872,NA,246,586,430,20,251,840,36,2,4,4,39,106,60,1053,0,169,750,532,0,0,524,735,23,1291,256,414,214,226,20,24,22,160
"315",2022-09-01,"UMG IM AT PARKRIDGE",NA,2,3,"Primary Adult",NA,NA,2,2,1,1,"Yes","2",2,1,4125,2,0,1037,1037,0,NA,0,NA,NA,769,NA,641,1005,0,0,NA,NA,874,NA,626,1103,NA,92,424,446,30,118,775,16,0,2,0,22,59,35,808,0,149,501,491,0,0,349,628,15,970,176,1130,522,264,9,16,34,205
"316",2022-09-01,"UMMC BATAVIA IM",NA,1,3,"Primary Adult",NA,NA,2,2,1,1,"Yes","1",2,1,4125,2,0,979,979,0,NA,175,NA,NA,385,NA,329,683,0,410,NA,NA,655,NA,541,994,NA,85,344,451,38,27,832,8,0,0,5,21,25,14,853,0,51,508,410,0,0,290,598,30,919,108,516,235,219,4,8,23,184
"317",2022-09-01,"UMMC FM @ ATTICA","No data for September",1,3,"Primary Family",NA,NA,2,2,1,1,"Yes","1",2,1,4125,2,0,NA,NA,NA,NA,NA,NA,NA,NA,NA,NA,NA,NA,NA,NA,NA,NA,NA,NA,NA,NA,NA,NA,NA,NA,NA,NA,NA,NA,NA,NA,NA,NA,NA,NA,NA,NA,NA,NA,NA,NA,NA,NA,NA,NA,NA,NA,NA,NA,NA,NA,NA,NA
"318",2022-09-01,"UMMC FM @ BERGEN",NA,1,3,"Primary Family",NA,NA,2,2,1,1,"Yes","1",2,1,4125,2,0,617,617,0,NA,99,NA,NA,24,NA,206,535,74,209,NA,NA,146,NA,420,231,NA,111,137,126,8,1,364,0,0,0,0,3,14,8,345,0,29,220,162,0,0,204,175,3,376,23,370,186,94,3,5,9,77
"319",2022-09-01,"UMMC PC @ LEROY",NA,1,3,"Primary Family",NA,NA,2,2,1,1,"Yes","1",2,1,4125,2,0,844,844,0,NA,133,NA,NA,326,NA,170,412,0,208,NA,NA,425,NA,542,636,NA,88,221,153,7,14,438,0,0,0,1,5,11,12,434,0,23,250,219,0,0,168,288,13,467,39,390,198,94,4,5,11,74
"320",2022-09-01,"UMMC PC BATAVIA",NA,1,3,"Primary Family",NA,NA,2,2,1,1,"Yes","1",2,1,4125,2,0,1271,1271,0,NA,371,NA,NA,896,NA,331,1166,83,417,NA,NA,1531,NA,731,1304,NA,314,540,273,8,68,1013,4,1,0,3,17,32,35,1053,0,50,623,514,0,1,461,623,54,1125,135,706,323,169,17,9,21,122
"321",2022-09-01,"WNY CANISTEO VALLEY FP",NA,1,3,"Primary Family",NA,NA,2,2,1,1,"Yes","1 RN:2 Sites",2,1,4125,2,0,670,670,0,NA,355,NA,NA,227,NA,965,1593,0,417,NA,NA,218,NA,1044,1651,NA,156,286,164,8,3,577,0,0,0,0,8,27,2,558,0,55,376,239,0,0,244,356,15,607,72,452,215,110,13,10,17,70
"322",2022-09-01,"WNY CLIFTON SPRINGS IM",NA,1,3,"Primary Adult",NA,NA,2,2,1,1,"Yes","1 RN:2 Sites",2,1,4125,2,0,432,432,0,NA,0,NA,NA,201,NA,33,368,0,0,NA,NA,218,NA,209,216,NA,51,126,214,17,2,393,2,0,0,0,1,10,6,362,0,40,231,177,0,0,143,258,7,413,69,535,222,45,8,3,9,25
"323",2022-09-01,"WNY FAM MED ALFRED",NA,1,3,"Primary Family",NA,NA,2,2,1,1,"Yes","1 RN:2 Sites",2,1,4125,2,0,420,420,0,NA,0,NA,NA,0,NA,454,634,0,0,NA,NA,0,NA,313,930,NA,58,172,143,7,2,365,2,0,0,0,7,4,1,359,0,20,196,184,0,0,160,215,5,393,38,414,187,75,4,3,14,54
"324",2022-09-01,"WNY FAM MED HORNELL",NA,1,3,"Primary Family",NA,NA,2,2,1,1,"Yes","1 RN:2 Sites",2,1,4125,2,0,198,198,0,NA,0,NA,NA,0,NA,229,233,0,0,NA,NA,0,NA,313,0,NA,22,67,94,4,1,179,2,0,0,0,6,0,0,183,0,5,100,88,0,0,59,127,2,202,23,211,97,41,0,3,7,31
"325",2022-09-01,"WNY FARMINGTON FAM PRC",NA,1,3,"Primary Family",NA,NA,2,2,1,1,"Yes","1 RN:2 Sites",2,1,4125,2,0,33,33,0,NA,0,NA,NA,0,NA,103,449,0,0,NA,NA,0,NA,139,454,NA,6,18,8,0,1,30,0,0,0,0,1,1,0,31,0,2,24,9,0,0,17,16,0,36,3,28,11,2,0,1,0,1
"326",2022-09-01,"WNY GENEVA FAMILY MED",NA,1,3,"Primary Family",NA,NA,2,2,1,1,"Yes","1",2,1,4125,2,0,294,294,0,NA,0,NA,NA,0,NA,477,804,0,0,NA,NA,0,NA,418,649,NA,40,116,103,6,13,229,0,0,0,0,4,19,13,221,0,31,143,122,0,0,100,158,7,273,87,266,126,45,3,6,10,26
"327",2022-09-01,"WNY HONEOYE VALLEY FP",NA,1,3,"Primary Family",NA,NA,2,2,1,1,"Yes","1",2,1,4125,2,0,1174,1174,0,NA,149,NA,NA,172,NA,299,1308,392,208,NA,NA,437,NA,1253,1492,NA,197,428,430,14,4,973,1,1,0,0,27,64,10,941,0,119,631,439,0,0,515,546,9,1052,231,866,352,192,8,12,30,142
"328",2022-09-01,"WNY IM @ FLMA GENEVA",NA,1,3,"Primary Adult",NA,NA,2,2,1,1,"Yes","1 RN:2 Sites",2,1,4125,2,0,2003,1835,168,NA,352,NA,NA,201,NA,469,1874,263,812,NA,NA,655,NA,1034,2184,NA,214,535,656,42,68,1288,5,1,0,1,18,66,36,1312,0,99,795,652,0,0,548,869,30,1396,254,1059,498,306,10,10,29,257
"329",2022-09-01,"WNY IM AT PARNALL",NA,3,3,"Primary Adult",NA,NA,2,2,1,1,"Yes","1 RN:2 Sites",2,1,4125,2,0,313,313,0,NA,0,NA,NA,0,NA,254,353,0,0,NA,NA,0,NA,418,432,NA,33,84,165,16,26,251,1,0,0,1,4,15,18,264,0,16,159,139,0,0,83,213,2,290,68,329,130,91,1,3,19,68
"330",2022-09-01,"WNY IM CLINTON XING",NA,2,3,"Primary Adult",NA,NA,2,2,1,1,"Yes","1 RN:2 Sites",2,1,4125,2,0,1113,1113,0,NA,0,NA,NA,369,NA,503,758,131,0,NA,NA,437,NA,438,865,NA,246,528,260,7,135,682,20,0,0,1,40,163,45,765,0,231,557,483,0,1,581,440,20,1002,82,568,273,111,11,16,20,64
"331",2022-09-01,"WNY INT MED @ LINDEN",NA,2,3,"Primary Adult",NA,NA,2,2,1,1,"Yes","1 RN:2 Sites",2,1,4125,2,0,630,630,0,NA,0,NA,NA,402,NA,160,501,117,0,NA,NA,437,NA,418,865,NA,78,247,247,8,59,460,6,0,1,0,12,42,13,496,0,71,290,290,0,0,266,307,7,583,61,552,204,90,3,5,14,68
"332",2022-09-01,"WNY INT MED PERINTON",NA,2,3,"Primary Adult",NA,NA,2,2,1,1,"Yes","1 RN:2 Sites",2,1,4125,2,0,826,826,0,NA,0,NA,NA,0,NA,261,696,429,0,NA,NA,0,NA,626,886,NA,157,331,272,6,27,618,30,0,0,1,25,65,12,642,0,112,432,334,0,0,390,368,8,736,77,684,250,96,6,6,19,65
"333",2022-09-01,"WNY MED ASSOC @ LINDEN",NA,2,3,"Primary Adult",NA,NA,2,2,1,1,"Yes","1 RN:2 Sites",2,1,4125,2,0,786,786,0,NA,0,NA,NA,177,NA,386,751,0,0,NA,NA,437,NA,626,872,NA,116,281,310,24,37,636,4,0,1,2,12,39,17,626,0,88,475,256,0,0,348,378,5,719,73,706,279,125,2,6,18,99
"334",2022-09-01,"WNY MEDINA FM",NA,1,3,"Primary Family",NA,NA,2,2,1,1,"Yes","1",2,1,4125,2,0,362,362,0,NA,150,NA,NA,0,NA,170,278,0,208,NA,NA,0,NA,359,454,NA,99,118,91,3,10,293,1,0,0,2,4,2,7,298,0,7,213,99,0,0,141,165,6,312,12,201,102,58,3,1,7,47
"335",2022-09-01,"WNY PC @ FLMA PENN YAN",NA,1,3,"Primary Family",NA,NA,2,2,1,1,"Yes","1 RN:2 Sites",2,1,4125,2,0,358,358,0,NA,0,NA,NA,175,NA,363,588,0,0,NA,NA,180,NA,418,649,NA,87,132,100,7,3,284,1,0,0,0,3,37,5,272,0,51,209,119,0,0,120,199,9,327,43,75,39,41,3,0,6,32
"336",2022-09-01,"RMG OPD/TWIG AT RHC",NA,3,4,"Primary Adult",NA,NA,2,2,1,1,"Yes","2 RN:1 Sites",2,1,4125,2,0,3132,3124,8,NA,224,NA,NA,827,NA,1971,3082,787,1167,NA,NA,874,NA,3967,3294,NA,658,1093,742,39,516,1334,41,2,5,2,104,528,492,1833,0,207,1581,951,0,0,926,1569,37,2528,649,1366,648,484,52,23,75,334
